wti_price,us_rig_count,intl_rig_count
20.0,910,4873
20.0,3822,12808
20.0,3142,13946
20.0,516,11871
20.0,4476,14525
20.0,3494,13410
20.0,3221,1609
20.0,2969,10086
20.0,180,13056
20.0,1735,5397
20.0,819,7652
20.0,2441,8918
20.0,2483,11052
20.0,1234,2372
20.0,4605,13358
20.0,3435,479
20.0,4167,11356
20.0,4893,4177
20.0,2954,2869
20.0,524,11285
20.0,1132,14380
20.0,2608,8025
20.0,2097,10143
20.0,2797,4181
20.0,1025,4969
20.0,1856,5447
20.0,239,10753
20.0,2784,4627
20.0,3055,13661
20.0,4708,6335
20.0,1949,5773
20.0,1317,4331
20.0,1578,10100
20.0,3252,13931
20.0,3606,7389
20.0,3940,14741
20.0,696,11078
20.0,2938,11287
20.0,2485,13867
20.0,650,4735
20.0,2413,2976
20.0,2111,9511
20.0,291,11380
20.0,2091,12651
20.0,2874,12635
20.0,2662,7897
20.0,1413,14829
20.0,1528,8586
20.0,2606,862
20.0,825,8871
20.0,4064,8244
20.0,84,4418
20.0,3202,9815
20.0,2005,5260
20.0,1635,11100
20.0,3993,11567
20.0,3123,6074
20.0,1071,5781
20.0,3511,12206
20.0,2663,2214
20.0,3893,3989
20.0,1550,13197
20.0,4848,10835
20.0,211,9303
20.0,4347,13848
20.0,2031,7348
20.0,1045,7966
20.0,4961,11605
20.0,3392,2564
20.0,4601,14222
20.0,3848,3829
20.0,1325,6119
20.0,1066,5875
20.0,387,11864
20.0,928,9072
20.0,1126,13821
20.0,4937,6838
20.0,4043,4851
20.0,4909,809
20.0,429,8140
20.0,542,10548
20.0,2112,4066
20.0,3934,571
20.0,114,7198
20.0,2618,815
20.0,2077,7111
20.0,2745,6210
20.0,1545,2453
20.0,441,5142
20.0,4564,12530
20.0,4524,1064
20.0,3611,1468
20.0,2328,7654
20.0,3149,13866
20.0,250,9176
20.0,4925,4771
20.0,3154,12570
20.0,4648,5429
20.0,2504,2437
20.0,3695,4254
20.0,854,13287
20.0,2781,1135
20.0,2823,12372
20.0,1620,6594
20.0,2740,8091
20.0,3890,10730
20.0,1078,14156
77.57000000000001,552,525
20.0,4543,9926
20.0,920,11872
20.0,4538,7974
20.0,256,4061
20.0,1534,2185
20.0,913,14452
20.0,2840,5132
20.0,613,4803
20.0,4241,2978
20.0,1807,14607
20.0,1728,9662
20.0,3292,9032
20.0,4686,14366
20.0,1109,13095
20.0,1772,7954
20.0,3364,14446
20.0,3207,4278
20.0,2675,13053
20.0,2779,1567
20.0,1647,4242
20.0,3110,14589
20.0,2743,14241
20.0,4941,2775
20.0,3677,6954
20.0,1413,11995
20.0,2031,1781
20.0,1713,2186
20.0,1579,2440
20.0,2088,4166
20.0,3352,10497
20.0,2287,7804
20.0,1356,8520
20.0,4079,6168
20.0,2725,13193
20.0,1332,12388
20.0,759,9243
20.0,4794,7693
20.0,4463,4303
20.0,3798,2276
20.0,4829,5431
20.0,713,3194
20.0,2048,3944
20.0,3495,14666
20.0,3793,14723
20.0,1545,14186
20.0,3354,11148
20.0,3813,5794
20.0,1903,7731
20.0,4709,7571
20.0,1341,14747
20.0,3631,1844
20.0,3507,12763
20.0,1686,3344
20.0,3746,14190
20.0,3049,14283
20.0,3202,442
20.0,748,4285
20.0,2210,8154
20.0,4147,7469
20.0,4787,7330
20.0,904,7028
20.0,3524,8562
20.0,1757,9044
20.0,2827,14420
20.0,1783,6531
20.0,4981,3712
20.0,3560,13597
54.35000000000001,252,1699
20.0,3305,10491
20.0,4268,2358
20.0,4546,10364
20.0,816,12317
20.0,4439,5362
20.0,2377,10650
20.0,2981,4239
38.47000000000001,247,2235
20.0,1980,11663
20.0,3632,8177
57.37000000000002,658,1057
20.0,3322,4023
20.0,1197,6970
20.0,4332,9441
20.0,3447,12382
20.0,2561,498
20.0,1844,7444
53.35000000000001,709,1123
20.0,2861,4432
20.0,1419,13531
20.0,2036,14975
20.0,196,4506
20.0,3269,2999
20.0,2961,14062
20.0,1784,6778
20.0,1893,5075
20.0,538,5526
20.0,3026,12454
20.0,2009,6782
20.0,2435,12437
20.0,2969,2002
20.0,4786,11105
20.0,1852,13553
20.0,4111,12898
20.0,3419,11245
20.0,312,2857
20.0,673,12914
20.0,1066,3546
20.0,3693,9863
20.0,2099,3149
20.0,3773,1141
20.0,4598,2107
20.0,3158,5037
20.0,4140,13880
20.0,2106,8305
20.0,3220,1443
20.0,1732,5896
20.0,2305,13743
20.0,1204,12815
20.0,4549,1666
20.0,3241,14587
20.0,1746,4157
20.0,4041,2166
20.0,4773,575
20.0,4732,462
20.0,1698,4562
20.0,1495,6702
20.0,4249,11780
20.0,3973,11787
20.0,303,10336
20.0,3233,8033
20.0,2607,2093
20.0,148,14389
20.0,2250,8306
20.0,3011,12026
20.0,4483,1852
20.0,3827,5740
20.0,2919,12533
20.0,3284,4092
20.0,3841,799
20.0,1006,5015
20.0,4117,2112
20.0,210,9684
20.0,4543,8992
20.0,1350,8772
20.0,4961,4413
20.0,4037,3837
20.0,1577,10555
20.0,1268,12747
20.0,4546,9490
20.0,4785,5799
20.0,3154,6648
20.0,2785,14542
20.0,4605,8757
20.0,1004,14145
20.0,4615,10962
20.0,3496,11811
20.0,1095,13949
20.0,1743,14512
20.0,3486,7582
20.0,612,10868
20.0,2535,9182
20.0,3404,3769
20.0,275,7907
20.0,4943,946
20.0,1009,14902
20.0,4598,8704
20.0,3117,4833
47.20000000000001,865,1120
20.0,4804,9469
20.0,4692,13978
20.0,3170,7208
20.0,66,11221
20.0,1293,2581
20.0,2255,3818
20.0,2574,9189
20.0,1119,4643
20.0,3494,472
20.0,2615,11402
20.0,1110,13207
20.0,2377,1973
20.0,3470,2747
20.0,351,3364
20.0,4326,4980
20.0,656,14614
20.0,3220,13109
20.0,749,14527
33.46000000000001,1189,1146
20.0,240,14893
20.0,2350,11057
53.02,1030,706
20.0,3025,14070
20.0,1234,6919
20.0,3377,8635
20.0,3444,8897
20.0,177,12909
20.0,2115,11550
20.0,1866,6560
20.0,619,7857
20.0,1945,3790
20.0,2783,10264
20.0,3913,12185
20.0,4771,1392
20.0,4064,12817
20.0,2951,13137
20.0,1736,1664
20.0,3059,590
20.0,204,5815
20.0,2587,12868
20.0,1459,11769
20.0,4107,13229
20.0,834,6306
20.0,3225,13307
20.0,4391,9064
20.0,2856,2760
20.0,587,6067
20.0,1891,1411
20.0,2505,9321
40.27,574,1739
20.0,3000,9304
20.0,4181,843
20.0,4830,12914
20.0,4165,8893
20.0,2418,9121
20.0,3897,1483
20.0,4545,7880
20.0,2751,10510
20.0,1021,7545
20.0,1216,12944
20.0,4979,14724
20.0,2824,4586
20.0,2032,12228
45.71,903,1119
20.0,4196,12442
20.0,3786,2539
20.0,3819,14457
20.0,624,9147
20.0,3311,14146
20.0,1198,6130
20.0,1765,5602
20.0,4827,5863
20.0,4983,10261
20.0,3904,12864
20.0,2541,5475
20.0,2710,707
20.0,3174,1636
20.0,3101,10967
20.0,54,11818
20.0,4919,8950
20.0,926,7554
20.0,1041,11494
20.0,4192,14795
20.0,4414,4716
20.0,4515,14040
20.0,685,3822
20.0,1743,4599
20.0,1732,5237
20.0,4802,12449
20.0,169,8311
20.0,880,3915
20.0,3725,8037
20.0,1419,1501
20.0,790,7570
20.0,166,5385
20.0,2888,2355
20.0,1200,6611
20.0,1981,6565
20.0,1062,14315
20.0,1714,14041
43.4,1131,892
20.0,4779,12742
42.580000000000005,562,1678
20.0,2899,6596
20.0,609,8648
20.0,3722,10822
20.0,4633,641
20.0,3393,10273
20.0,4120,2846
20.0,4849,5409
20.0,1520,12212
20.0,630,6733
20.0,2344,4877
20.0,3197,7411
20.0,4299,10127
20.0,1729,12127
20.0,3556,2845
20.0,2794,8410
20.0,3406,9516
20.0,4095,12377
20.0,1293,11046
20.0,3168,8133
20.0,2191,5676
20.0,3109,14053
20.0,4598,8128
20.0,3009,2280
20.0,2315,6289
20.0,2529,7596
20.0,4696,9939
20.0,1685,7997
20.0,1807,1061
20.0,4502,8546
20.0,2120,3694
20.0,2899,1104
20.0,3301,1469
20.0,3780,604
20.0,2539,9235
20.0,1681,10174
20.0,2866,9956
31.280000000000015,1065,1384
20.0,1398,9138
20.0,4661,1925
20.0,3137,11580
20.0,2889,8662
20.0,385,13257
20.0,4642,6011
20.0,945,5806
20.0,3596,4156
68.23000000000002,901,371
20.0,1737,8665
20.0,1981,2506
20.0,3796,9550
20.0,2477,10098
20.0,1618,10163
20.0,4050,621
20.0,2788,5740
20.0,3548,9601
20.0,3963,14899
20.0,1116,14913
20.0,4430,4875
20.0,2494,9282
20.0,4157,13209
20.0,3423,11659
20.0,4019,13368
20.0,2596,13609
20.0,803,6948
20.0,2132,6303
20.0,2824,14557
20.0,2946,1673
20.0,4235,3443
20.0,825,12870
20.0,1675,2381
20.0,3119,9841
20.0,467,3296
20.0,164,6846
20.0,666,11648
20.0,4024,11548
20.0,3317,9982
20.0,875,6082
20.0,1566,12631
20.0,3196,6182
20.0,462,12373
20.0,778,5998
20.0,3398,9827
20.0,2858,8615
20.0,725,8611
20.0,3515,12666
20.0,2554,10046
20.0,3017,12920
20.0,2836,8656
20.0,1172,9345
20.0,4129,4724
20.0,1621,12125
20.0,2193,6759
20.0,1737,7820
20.0,4182,2974
20.0,3901,14732
20.0,3490,5873
20.0,3816,3324
20.0,2376,8871
20.0,2964,11906
20.0,4002,1553
20.0,645,11714
20.0,778,12270
20.0,1415,9281
20.0,4542,4054
20.0,748,8334
63.88000000000001,445,1124
20.0,4221,2370
20.0,4410,10294
20.0,2552,5706
20.0,1869,13850
20.0,767,13265
20.0,2832,2595
20.0,4996,8420
20.0,3627,8426
20.0,193,11981
20.0,3190,5715
20.0,4541,2870
20.0,2988,3565
20.0,3686,788
20.0,3272,11610
20.0,1217,3338
20.0,2666,9295
20.0,1112,6863
20.0,2206,4286
20.0,3032,10561
20.0,3344,8731
20.0,4779,4470
20.0,1206,6219
20.0,782,10106
20.0,4380,13084
20.0,4896,12938
52.6,1003,756
20.0,2589,13647
20.0,3374,8222
20.0,3351,11479
20.0,1592,5652
20.0,1241,11658
20.0,3043,3767
20.0,2731,10448
20.0,1267,4099
20.0,1590,6677
20.0,3286,7700
20.0,2436,1216
20.0,3769,6670
20.0,1438,2262
20.0,1906,9230
20.0,1415,10029
20.0,549,4521
20.0,1730,3696
32.61,560,2013
20.0,4362,11871
20.0,1374,6456
20.0,1205,14508
20.0,1877,9843
20.0,3191,14536
20.0,3536,2513
20.0,1860,9906
20.0,2973,1431
20.0,2264,10037
20.0,4236,6031
20.0,763,3199
20.0,3652,3640
20.0,4184,4256
20.0,3572,505
20.0,4318,14547
20.0,4798,11928
20.0,4899,10115
20.0,1293,1889
20.0,3759,9909
20.0,1131,13879
20.0,505,4117
20.0,4974,7280
20.0,944,8811
20.0,1434,3136
20.0,2008,4062
20.0,3122,14706
20.0,2046,12621
20.0,4335,14518
20.0,554,9842
20.0,1264,11488
20.0,1581,5849
20.0,3490,3461
20.0,873,9556
20.0,978,10261
47.51000000000001,183,2019
20.0,2155,11097
20.0,3677,11907
20.0,4830,1542
20.0,1902,5760
20.0,4960,2426
20.0,4225,1279
20.0,2983,13666
20.0,3334,14183
20.0,4348,4406
20.0,2861,6480
20.0,1300,14767
20.0,3562,12955
20.0,1306,11171
20.0,3426,10920
20.0,3536,7435
20.0,3634,1013
20.0,1446,13760
20.0,3687,5289
20.0,3380,2231
20.0,2753,8714
20.0,520,11361
20.0,1403,9295
20.0,2833,9933
20.0,2881,14487
20.0,407,6111
20.0,3069,11895
20.0,717,2853
20.0,4518,10868
20.0,1195,3540
20.0,4235,8076
20.0,3769,12635
20.0,2795,1341
20.0,589,9241
20.0,2829,8758
20.0,4186,3097
20.0,4885,9481
20.0,3825,4241
20.0,2558,2238
20.0,2829,11252
20.0,974,4470
20.0,3006,10246
20.0,1631,4883
20.0,3374,694
20.0,4535,7316
20.0,305,13625
20.0,4854,11574
20.0,1888,1984
20.0,1994,3710
20.0,59,3986
20.0,2921,5466
20.0,847,12522
20.0,1065,9390
20.0,1874,5628
20.0,4519,6881
20.0,3186,7093
20.0,2243,13525
20.0,273,12861
20.0,4998,9843
20.0,4208,10143
20.0,3975,10672
20.0,4834,13192
20.0,4050,4858
20.0,1683,7282
20.0,2202,11326
20.0,560,7069
20.0,434,12126
20.0,454,7807
20.0,4663,7869
20.0,4621,11738
20.0,2050,10265
20.0,2806,6419
20.0,1718,4734
20.0,1510,12195
20.0,3686,6179
20.0,2774,10371
20.0,4859,9090
20.0,4228,1512
20.0,2098,3162
20.0,4196,14051
20.0,4830,3138
20.0,766,13179
20.0,4594,10692
20.0,4633,3397
20.0,1873,5496
20.0,2131,7404
20.0,3469,14945
20.0,1624,5930
20.0,299,14121
76.7,723,326
20.0,4583,5802
20.0,2215,1391
20.0,820,2839
20.0,4012,12781
20.0,4413,12308
20.0,2034,1566
20.0,1127,9411
20.0,285,6653
20.0,438,6871
20.0,3087,6883
20.0,4908,12471
20.0,1898,12906
20.0,4769,4739
20.0,2864,9076
20.0,3424,12021
20.0,3328,3087
20.0,1302,14771
20.0,4031,9854
20.0,4723,4286
20.0,2172,2461
20.0,4580,4380
20.0,2200,3041
20.0,4909,10159
20.0,1379,12572
20.0,1408,6240
20.0,2532,3760
20.0,4592,10504
20.0,2067,14157
20.0,1381,4958
20.0,4394,826
20.0,4311,12551
20.0,1408,11806
20.0,4687,5214
20.0,4904,1575
20.0,3227,1381
20.0,2178,5908
20.0,2230,690
20.0,4942,3929
20.0,187,6174
20.0,3522,3734
20.0,2882,3496
20.0,3629,2140
20.0,3081,12800
20.0,4214,5214
20.0,2643,2082
20.0,4350,5108
20.0,3868,3187
20.0,4188,5785
20.0,3873,3359
20.0,4092,13814
20.0,1956,13167
20.0,810,4730
20.0,3495,881
20.0,949,5454
20.0,4505,1273
20.0,2997,13943
20.0,1769,2587
20.0,330,10786
20.0,3316,2893
20.0,1937,9762
20.0,3316,13136
20.0,716,4540
20.0,4238,2356
20.0,721,8166
20.0,2019,2780
20.0,4206,7457
20.0,3172,12783
20.0,4749,2359
20.0,4827,14100
20.0,3950,11640
20.0,573,14878
20.0,2443,12123
20.0,3167,14636
20.0,2643,12221
20.0,2018,6972
20.0,1803,1827
20.0,2346,11864
20.0,2311,8419
20.0,2336,7280
20.0,4252,2185
20.0,2928,14048
20.0,4193,12545
20.0,3694,9913
20.0,4482,8688
20.0,2105,2381
20.0,4770,11794
20.0,1326,2496
20.0,2816,7364
20.0,352,2797
54.85000000000001,688,1101
20.0,105,6260
20.0,4871,9490
36.09000000000001,575,1877
20.0,4619,3081
20.0,4173,13679
20.0,2175,13258
20.0,3337,5822
20.0,414,8252
20.0,4671,1578
20.0,1696,1448
20.0,968,12127
20.0,2847,5850
20.0,1581,12633
20.0,3395,6279
20.0,1956,9656
20.0,3136,10299
20.0,4630,7236
20.0,2125,6687
20.0,763,14260
33.18,1112,1258
20.0,2026,11141
20.0,1346,2248
20.0,175,6315
20.0,4682,4448
20.0,3646,2676
20.0,3333,12408
20.0,1653,4803
20.0,116,11589
20.0,282,12978
20.0,2206,3753
20.0,1219,12832
20.0,2208,14423
20.0,4256,10153
41.080000000000005,1543,420
20.0,4768,14426
20.0,4057,14430
20.0,2522,5018
20.0,2710,7392
20.0,2789,4823
20.0,1811,7549
20.0,3564,5818
20.0,2025,11280
20.0,2412,10056
20.0,926,7409
20.0,3862,12378
20.0,3498,4776
20.0,1362,11369
20.0,1510,2071
20.0,2759,8115
20.0,2374,1662
20.0,1783,5721
20.0,1655,8736
20.0,2613,8436
20.0,3471,8013
20.0,3567,2268
20.0,2447,5953
20.0,3785,7437
20.0,2920,14375
20.0,1210,7216
20.0,4904,6391
52.300000000000004,292,1714
20.0,2640,2798
20.0,1113,14822
20.0,4374,1201
20.0,2645,1233
20.0,969,10432
20.0,55,7099
20.0,517,8665
20.0,4220,5251
20.0,53,11039
20.0,695,10171
20.0,167,4676
20.0,2978,13840
20.0,2601,678
20.0,4339,14550
58.11,896,715
20.0,2812,12678
26.03000000000001,1191,1391
20.0,1860,11060
20.0,773,13648
20.0,274,6497
20.0,4677,9803
20.0,4258,11672
20.0,4704,471
20.0,2098,8534
20.0,4799,7978
20.0,4465,6208
20.0,1623,8187
20.0,1878,13580
20.0,1967,14782
20.0,4284,3532
20.0,2076,987
20.0,3794,6422
20.0,951,10073
20.0,4835,822
20.0,2089,4041
20.0,59,3876
20.0,310,2772
20.0,1723,7115
20.0,2269,5233
20.0,2110,7988
20.0,3763,11652
20.0,1669,5414
20.0,370,4912
20.0,1392,13519
20.0,2426,266
20.0,2882,12678
20.0,2874,7733
20.0,2044,4816
20.0,3008,13477
20.0,2088,1340
20.0,3540,10706
20.0,3727,5930
20.0,1168,10924
20.0,1654,11972
20.0,4077,7665
20.0,285,9579
20.0,2019,4671
20.0,4479,13140
20.0,1958,3539
75.96000000000001,425,748
20.0,3580,13585
20.0,2685,7875
20.0,1620,12479
20.0,2610,8464
20.0,3441,14843
20.0,3015,398
20.0,3693,11593
20.0,3900,10173
55.390000000000015,922,771
33.620000000000005,1302,990
20.0,1364,10030
20.0,4870,10223
20.0,2948,10247
20.0,127,13998
20.0,2671,1374
20.0,4277,12132
20.0,650,11669
59.46000000000001,1115,378
20.0,2186,2444
20.0,2499,4286
20.0,2393,934
20.0,1913,6432
30.74000000000001,1368,998
20.0,4761,7801
20.0,3647,9179
20.0,3812,2995
20.0,4720,12696
20.0,2240,4788
20.0,1042,7497
20.0,2762,3284
20.0,2242,14145
20.0,1298,11310
20.0,3104,931
20.0,4648,1329
20.0,4083,11838
20.0,2047,1805
20.0,4966,12170
20.0,3737,11137
20.0,2201,11562
20.0,4068,13081
20.0,3160,3133
20.0,2020,9607
20.0,247,8716
20.0,2676,5274
20.0,1252,14237
20.0,2085,10242
20.0,527,7299
20.0,1304,1690
43.73000000000001,972,1093
48.940000000000005,469,1590
20.0,2254,3589
20.0,2647,4439
20.0,1170,4679
20.0,3118,2463
20.0,1000,3632
20.0,2386,2571
20.0,2293,11478
20.0,2695,4512
20.0,1907,1715
20.0,4662,6526
20.0,1915,14805
20.0,2962,7288
20.0,2903,5786
20.0,4960,3117
20.0,3278,5931
20.0,3769,7886
20.0,3278,10744
20.0,2421,1367
20.0,2941,8502
20.0,3806,5309
20.0,4275,4527
20.0,144,6010
20.0,2724,3855
20.0,2005,3993
20.0,843,10147
20.0,1884,6938
20.0,2166,1777
20.0,4156,9688
20.0,3375,12166
20.0,2969,2420
20.0,2647,9364
20.0,3255,1230
20.0,4857,10985
20.0,864,6891
20.0,395,4192
20.0,2399,13005
65.53,412,1113
20.0,2493,6558
20.0,2315,2381
20.0,2238,14820
20.0,3055,3397
20.0,3331,6240
24.180000000000007,1034,1662
20.0,1689,14360
20.0,877,10770
20.0,2780,11846
20.0,3581,7237
20.0,4501,11945
20.0,2985,9699
20.0,3926,5194
20.0,176,13586
20.0,3227,9581
20.0,3106,5508
20.0,653,6421
20.0,3499,7290
20.0,4196,7969
20.0,3583,887
20.0,3417,14556
20.0,3418,4861
20.0,3847,9599
20.0,1842,2094
20.0,2911,7589
20.0,3526,5122
20.0,3467,13839
20.0,1695,6522
20.0,1255,10203
20.0,3080,3383
20.0,2922,3997
20.0,3122,5378
20.0,1904,13838
20.0,4071,10036
20.0,4712,4168
20.0,2758,2916
20.0,3552,390
20.0,1382,13711
59.31,251,1535
20.0,3557,8381
20.0,4262,13195
20.0,624,11498
74.62,586,578
20.0,1675,12874
20.0,2172,4029
20.0,435,6580
20.0,3331,815
20.0,524,14030
20.820000000000007,467,2530
20.0,3650,14536
20.0,1004,1954
20.0,4908,663
20.0,1255,9358
20.0,4809,4467
20.0,4170,3358
20.0,2040,3824
20.0,4855,13634
20.0,3622,5138
20.0,4430,5617
20.0,4208,6204
20.0,4807,9081
20.0,2763,11014
20.0,2253,5803
20.0,3170,2412
20.0,1016,6320
20.0,4994,6018
20.0,3482,582
20.0,738,2456
20.0,4293,12202
20.0,3751,11895
51.400000000000006,391,1612
20.0,1774,9975
20.0,4472,14759
20.0,1842,6346
25.910000000000007,1809,571
20.0,3262,6006
20.0,1039,5765
20.0,2312,9002
20.0,2532,8507
20.0,1001,7637
65.14000000000001,772,646
20.0,3439,1591
20.0,2129,11716
20.0,2767,1540
20.0,2382,12902
20.0,3426,14296
20.0,4574,3139
20.0,1550,13535
20.0,335,12091
20.0,3545,6169
20.0,2115,9465
20.0,818,5013
20.0,3107,3769
20.0,4339,5654
20.0,2211,3350
20.0,3343,9997
20.0,996,6614
20.0,4976,4857
20.0,3385,7147
20.0,4200,10686
20.0,4945,8143
20.0,4923,3862
20.0,1531,4682
20.0,1951,4997
20.0,3501,5268
20.0,4114,5680
20.0,104,8233
20.0,1873,1183
20.0,3512,5807
20.0,3129,8743
20.0,882,10116
20.0,4458,10343
20.0,2856,9671
20.0,2540,2107
20.0,377,13240
20.0,3360,7124
20.0,3350,9416
20.0,3725,8937
20.0,3104,13957
20.0,2193,4374
20.0,1361,13747
20.0,3241,10773
20.0,2588,9280
20.0,4033,7465
20.0,4597,9497
20.0,214,10941
20.0,4327,2190
20.0,872,5796
20.0,993,4198
20.0,4475,3975
20.0,824,11204
20.0,2248,9312
20.0,3206,4845
20.0,4292,2261
20.0,3745,4687
20.0,3502,14845
20.0,964,14921
20.0,1358,13868
20.0,4227,13461
20.0,563,12031
20.0,1970,11557
20.0,3644,4635
20.0,4891,2844
20.0,1459,13244
20.0,4852,1245
20.0,4616,14826
20.0,3240,11948
20.0,4541,8151
20.0,1605,6649
20.0,854,2881
20.0,1329,3399
20.0,3627,6968
20.0,2951,9330
20.0,1437,7640
20.0,4738,13335
20.0,2811,8833
20.0,2729,2750
20.0,2156,4425
20.0,4273,796
20.0,4881,6254
20.0,2818,1705
20.0,4003,9253
20.0,3236,11032
20.0,3330,13486
20.0,2623,6668
20.0,4666,7436
20.0,2649,12123
20.0,4083,14983
51.43000000000001,286,1751
20.0,1354,14128
20.0,3480,11628
20.0,1351,13999
20.0,2591,10128
20.0,2101,7052
46.290000000000006,491,1649
20.0,2126,6153
20.0,3230,8656
20.0,2707,8242
20.0,3848,2859
20.0,854,7709
20.0,124,8093
20.0,2225,7645
20.0,3974,2921
20.0,2139,9854
20.0,90,12644
20.0,2131,9837
20.0,4733,10690
20.0,1672,3125
20.0,391,10024
20.0,4102,10766
20.0,2124,7304
20.0,695,13382
20.0,4876,6440
20.0,4313,712
76.59,659,415
20.0,504,7499
20.0,3003,11723
20.0,1758,10564
20.0,3522,3353
20.0,3019,7650
20.0,3078,1906
20.0,4847,10498
20.0,2731,1767
20.0,3679,10600
20.0,4275,10723
20.0,3117,10545
20.0,1436,1328
20.0,3826,3710
20.0,2916,12715
20.0,4838,8067
20.0,3413,12045
20.0,4939,2565
20.0,4174,5783
20.0,198,5097
20.0,3900,5918
20.0,2108,6201
20.0,1186,11313
20.0,236,4767
20.0,2904,9471
20.0,1300,14548
20.0,1383,11903
20.0,4243,13529
20.0,4200,2941
20.0,2761,3220
20.0,4903,6456
20.0,4551,428
20.0,1835,8562
68.58000000000001,800,494
20.0,1812,4484
20.0,3970,8817
20.0,4510,13464
20.0,531,13590
20.0,203,7001
20.0,1574,1118
20.0,2170,11645
20.0,2393,698
20.0,1290,14309
20.730000000000004,110,3009
20.0,988,5161
20.0,1689,9217
20.0,4170,3979
20.0,4276,10250
20.0,3619,2318
20.0,1302,6591
20.0,4253,345
20.0,221,14129
20.0,1508,8142
20.0,3599,13807
20.0,4247,4765
20.0,2372,11969
36.20000000000001,1686,392
20.0,3165,5387
20.0,4140,6837
20.0,3054,12280
20.0,379,8443
20.0,3690,2610
20.0,3944,2020
20.0,4157,3164
20.0,1391,2721
20.0,3713,10261
21.76000000000002,265,2768
20.0,388,6082
20.0,4112,13942
20.0,2758,2067
20.0,3202,7665
20.0,1800,7802
20.0,2471,11130
20.0,759,11661
20.0,3776,3399
20.0,3692,10971
20.0,4043,6303
20.0,538,13922
20.0,96,12397
20.0,3409,13327
20.0,4923,440
20.0,4856,3640
20.0,450,4831
20.0,4040,9799
20.0,3207,11894
20.0,4395,12430
20.0,440,8474
20.0,3903,5277
20.0,4480,3968
20.0,678,9342
20.0,4282,8195
20.0,2980,9002
20.0,1571,13061
20.0,876,6629
20.0,4872,13476
20.0,1550,3805
20.0,3344,12946
20.0,2469,11675
20.0,984,2373
20.0,3092,11876
20.0,4547,9914
20.0,1516,6768
20.0,3611,2801
20.0,664,2857
20.0,1232,6280
20.0,3273,14054
20.0,2717,7525
37.43000000000001,180,2359
20.0,3033,10841
20.0,4328,4030
20.0,4509,8513
20.0,88,4568
20.0,4009,1517
20.0,3637,4693
20.0,970,10910
20.0,2819,13472
20.0,4161,1430
53.73,542,1333
20.0,1181,7807
20.0,3571,1501
20.0,360,12426
20.580000000000013,788,2110
20.0,3291,8282
20.0,595,8307
20.0,2511,9897
20.0,4396,8170
20.0,4904,11577
20.0,1854,2116
20.0,3262,13307
20.0,3860,7196
20.0,863,11940
20.0,4174,2957
20.0,2082,10348
20.0,4622,6664
20.0,4463,378
20.0,294,9288
20.0,4893,6562
20.0,4842,14460
20.0,321,9943
20.0,3561,8883
34.760000000000005,1821,260
20.0,1312,9469
20.0,2474,14191
20.0,4411,6881
20.0,970,3095
20.0,3480,12552
20.0,4485,12075
20.0,4534,785
20.0,2674,6023
20.0,3810,14706
20.0,2100,12352
20.0,3550,12162
44.780000000000015,1215,734
20.0,425,3662
20.0,2083,4211
20.0,195,3598
20.0,4438,2355
20.0,481,6166
20.0,754,7529
20.0,2682,7157
20.0,4544,9396
20.0,1013,10891
20.0,2284,5525
20.0,2091,13527
20.0,1878,8718
20.0,2158,4903
20.0,4118,2906
69.85,988,201
20.0,4855,9425
20.0,856,10873
20.0,1513,8516
20.0,3465,1304
20.0,60,11091
20.0,1918,2061
20.0,4917,5469
20.0,934,7143
20.0,3614,11312
20.0,1439,8520
20.0,3451,637
20.0,4371,5046
20.0,874,10940
20.0,2315,3329
20.0,986,9613
20.0,2850,14746
20.0,2603,8281
20.0,3895,1101
20.0,1846,14580
20.0,103,11560
20.0,776,5598
20.0,2786,6878
20.0,3220,5729
20.0,1963,6804
20.0,1646,12878
20.0,1964,4118
20.0,2516,1267
20.0,2787,226
20.0,899,7137
20.0,2159,7464
20.0,52,7318
20.0,4305,747
20.0,4119,11060
20.0,4926,8958
20.0,942,9095
20.0,2080,5538
20.0,3210,12672
20.0,2426,3340
20.0,4725,8196
20.0,1983,1790
20.0,1430,14401
20.0,3731,7976
20.0,1340,5143
20.0,1690,13086
20.0,2732,9197
20.0,1037,7998
20.0,1268,3991
20.0,1405,1557
20.0,4315,8292
20.0,4666,3425
20.0,4185,12010
20.0,1610,10518
20.0,1468,14366
20.0,1004,2660
20.0,1033,8937
20.0,1024,14120
20.0,4183,14704
20.0,4022,2928
20.0,963,12126
20.0,4599,6926
20.0,86,10954
20.0,3437,7681
20.0,1761,10471
20.0,3070,6630
20.0,845,11033
20.0,4086,3314
20.0,4738,10318
20.0,3161,816
20.0,1374,3844
20.0,367,6613
20.0,2446,1403
20.0,2212,10151
20.0,2795,2765
20.0,1641,3374
20.0,3161,3281
20.0,3980,2830
20.0,2046,3361
20.0,1362,4521
20.0,1335,9061
20.0,4361,14251
20.0,2433,13404
20.0,3289,6469
20.0,2189,7299
20.0,1754,7576
20.0,412,11560
20.0,2654,10513
20.0,1766,13702
20.0,4501,4278
20.0,4336,6001
20.0,3788,14330
20.0,2519,14471
20.0,4845,4351
20.0,606,9111
20.0,875,2800
20.0,2858,6375
20.0,4571,11990
20.0,2769,13061
20.0,3558,866
20.0,3791,483
20.0,1624,6040
20.0,4048,12295
20.0,2179,3765
20.0,2453,10626
20.0,3379,4793
39.930000000000014,638,1665
20.0,2062,8521
20.0,1597,4934
20.0,344,6457
20.0,2035,7566
20.0,3167,10452
20.0,1740,3872
20.0,1186,7582
20.0,2114,6787
20.0,4505,10886
20.0,4845,13473
20.0,4593,1192
20.0,4820,7058
20.0,1057,2321
20.0,2564,10976
20.0,3576,12588
20.0,4731,2423
20.0,1297,4722
20.0,3952,3388
20.0,1485,3437
20.0,621,4336
20.0,2432,12916
47.31,1295,543
20.0,2134,12853
20.0,327,4904
20.0,1937,5023
20.0,4629,10668
20.0,1315,5120
20.0,4876,3401
20.0,1090,5671
44.08,967,1088
20.0,935,10435
20.0,2802,9733
20.0,71,7327
20.0,4619,3920
20.0,3241,3083
20.0,2403,13784
20.0,4849,4412
20.0,736,7161
23.590000000000003,334,2615
20.0,4861,9509
20.0,3797,12655
20.0,812,3201
20.0,2478,1938
20.0,2557,1564
25.040000000000006,78,2908
20.0,956,13182
20.0,3154,1124
20.0,4049,351
20.0,3044,8977
20.0,2556,8244
20.0,4715,1112
20.0,3659,2521
20.0,3603,14065
34.43000000000001,1503,695
20.0,4883,12187
20.0,3406,2348
70.12,565,756
20.0,88,13593
20.0,3392,1752
20.0,936,2320
20.0,2894,3285
20.0,2254,3704
58.800000000000004,1148,356
20.0,1873,9126
20.0,3251,14667
20.0,3205,7705
20.0,3143,7362
20.0,3580,5723
20.0,3828,7743
20.0,2946,8255
20.0,3503,4854
20.0,3561,6450
20.0,1038,14800
20.0,4166,11668
20.0,4076,7446
20.0,4229,354
20.0,1732,8150
20.0,4715,1196
20.0,4013,10686
20.0,983,4826
20.0,3648,3105
20.0,3283,14459
20.0,2030,13216
20.0,1905,9569
20.0,3106,353
20.0,842,8053
20.0,841,12579
20.0,1859,6681
20.0,2305,5799
20.0,3660,1916
20.0,1657,11594
20.0,1034,14985
20.0,3726,14504
20.0,3430,11249
63.06,569,986
20.0,640,4568
20.0,1100,14515
20.0,3683,8296
20.0,4494,4472
20.0,1009,3967
20.0,742,11270
20.0,3949,9034
20.0,4523,6194
20.0,2996,7416
20.0,576,13054
20.0,3274,9057
20.0,2303,3626
20.0,3394,3983
20.0,4015,5627
20.0,1925,7211
20.0,1813,8252
20.0,570,3901
20.0,1066,14286
20.0,166,9461
20.0,2483,2549
20.0,633,7211
20.0,444,7255
20.0,3838,12895
20.0,2818,1412
20.0,4217,7165
20.0,3910,14341
20.0,323,9544
20.0,2063,6904
20.0,4483,7633
20.0,1439,13629
20.0,3616,2711
20.0,4752,343
20.0,215,10881
20.0,1617,7567
20.0,778,3428
20.0,2093,4782
20.0,4247,13347
20.0,3546,11597
20.0,828,6231
20.0,263,4443
20.0,3812,13847
20.0,1626,11534
20.0,2498,11696
20.0,2986,9749
20.0,3167,2913
20.0,641,4385
20.0,2770,9749
20.0,763,12686
20.0,985,7528
20.0,4387,4833
20.0,51,3392
20.0,2898,500
20.0,4094,923
20.0,1999,5894
20.0,967,3210
20.0,3224,5755
20.0,2291,267
20.0,139,12228
20.0,1759,12385
20.0,2219,2706
20.0,4288,1737
20.0,3091,597
20.0,155,13107
20.0,936,11749
20.0,477,5880
20.0,1945,9555
20.0,366,5025
20.0,684,8947
20.0,1975,6248
20.0,2106,3861
20.0,3194,10143
20.0,2320,3141
20.0,1489,11049
20.0,602,11187
20.0,765,10721
20.0,3961,7267
20.0,1763,5291
20.0,3439,10351
20.0,1157,1801
20.0,4256,11185
53.00000000000001,300,1680
20.0,2480,6430
20.0,2104,9494
20.0,508,3476
20.0,257,6647
20.0,949,5699
20.0,3511,6473
20.0,3435,1499
20.0,71,6018
20.0,459,6901
20.0,944,5194
20.0,564,13694
20.0,4954,12271
20.0,4159,7689
20.0,2184,9927
20.0,3645,8469
20.0,3006,3031
20.0,1610,11802
20.0,1316,2921
20.0,2219,12019
20.0,3688,1732
20.0,799,8629
20.0,3477,5453
20.0,4830,2196
20.0,1977,5511
20.0,3854,11819
20.0,3752,477
20.0,2406,3289
20.0,4840,723
20.0,2385,4475
20.0,356,12610
20.0,3715,5565
20.0,2039,14245
20.0,711,3322
20.0,4694,8367
20.0,361,5390
20.0,2970,4775
20.0,1132,7927
20.0,3021,1997
20.0,804,2331
20.0,4180,7522
20.0,4590,6700
68.87,402,1015
20.0,952,11086
20.0,3938,8834
20.0,208,11532
20.0,2027,6866
64.89999999999999,1006,342
20.0,2121,12679
48.980000000000004,453,1610
20.0,4661,12865
20.0,2829,734
20.0,1437,10108
20.0,3503,3564
38.24,1005,1232
20.0,1762,3542
20.0,4753,9802
20.0,1323,14628
20.0,3861,6285
20.0,2675,13665
20.0,2432,4700
20.0,1491,1372
20.0,3029,9280
20.0,1847,11730
20.0,4440,4717
20.0,4059,8207
20.0,4900,1841
37.510000000000005,1444,671
20.0,4331,3140
20.0,1319,8938
20.0,4782,4926
20.0,3764,11989
20.0,579,7870
20.0,3673,13525
20.0,3008,11217
20.0,2964,3923
20.0,4939,14317
20.0,3641,563
20.0,2197,10558
20.0,4623,3509
20.0,3419,745
20.0,989,3440
20.0,575,6865
20.0,51,13121
34.36,424,2136
20.0,2390,14168
20.0,4055,9354
20.0,3102,11397
20.0,4698,12198
20.0,2415,1082
20.0,1575,4040
20.0,4526,7123
20.0,1696,9262
20.0,63,4811
20.0,4649,11377
20.0,2328,13908
20.0,3205,9257
20.0,179,14641
20.0,3864,5404
20.0,4983,12701
20.0,3266,7488
20.0,2988,3403
20.0,3978,11289
20.0,2090,2444
105.78,77,218
20.0,2163,841
20.0,1302,3283
20.0,4406,5400
20.0,2096,8721
20.0,4605,1065
20.0,4073,973
20.0,4446,12879
20.0,3424,4932
20.0,3516,10746
20.0,3131,11730
20.0,3828,3718
20.0,679,11334
20.0,319,6995
20.0,2689,7184
20.0,2043,13513
20.0,2941,2767
20.0,3482,1874
20.0,1330,11075
20.0,2410,11772
62.230000000000004,625,939
20.0,1357,1745
20.0,3242,12956
20.0,3228,10651
20.0,2784,9527
20.0,2262,5327
20.0,2402,7147
20.0,3618,6820
20.0,1705,9265
20.0,1629,4755
20.0,2253,10692
20.0,1440,5845
20.0,1792,9143
20.0,1975,13949
20.0,669,14265
20.0,1324,7324
20.0,1006,9245
20.0,1989,3932
20.0,4003,2483
20.0,2431,9721
20.0,1018,8869
20.0,1366,11118
20.0,1093,11483
20.0,331,14751
20.0,2894,7198
20.0,1108,12622
20.0,4343,13640
20.0,2582,12897
20.0,3878,13933
20.0,1058,5613
20.17000000000001,1279,1469
20.0,1085,8068
20.0,4635,14067
20.0,325,12573
20.0,2790,2803
20.0,2339,6161
20.0,1289,9861
20.0,175,8769
20.0,4115,7757
20.0,4362,1880
20.0,3918,13562
20.0,1258,8633
20.0,3299,9311
20.0,968,5882
20.0,3973,14801
20.0,4453,8284
20.0,2019,5567
20.0,2843,269
20.0,941,4124
20.0,4520,6400
20.0,2083,13893
20.0,1414,10478
42.07000000000001,178,2207
20.0,1064,9192
20.0,1849,13529
20.0,4662,8319
20.0,1568,2979
20.0,4231,5120
36.830000000000005,1248,955
20.0,3923,6695
20.0,2524,10387
20.0,3535,6135
20.0,4099,9713
20.0,3769,2530
20.0,352,5905
20.0,4002,8501
20.0,4733,1216
20.0,1036,7547
20.0,1913,14449
20.0,4490,14257
20.0,4959,12257
20.0,3122,8416
20.0,3174,5138
20.0,1377,3038
20.0,2458,937
20.0,3723,6400
20.0,3341,8571
20.0,4083,431
21.770000000000003,753,2117
20.0,624,8734
20.0,3282,12964
20.0,4833,6118
20.0,2682,2823
20.0,3878,8846
20.0,3280,13743
20.0,538,12776
20.0,1397,13724
20.0,3731,6601
20.0,3223,13017
20.0,4639,7272
20.0,1717,2476
20.0,1687,7593
20.0,4164,8987
20.0,3603,4074
20.0,1050,4730
20.0,900,13369
20.0,1438,7364
20.0,3762,14269
20.0,1417,4697
20.0,871,11061
20.0,504,8133
20.0,1674,2335
20.0,2822,6927
20.0,3776,12356
20.0,3197,1765
20.0,4139,508
20.0,4856,8734
20.0,2240,8827
20.0,966,8568
20.0,4036,338
20.0,2925,393
20.0,1490,3457
20.0,4450,3435
20.0,785,13672
20.0,3618,1142
20.0,3388,4820
20.0,3065,12271
20.0,2939,5920
20.0,1011,11505
20.0,3039,11354
20.0,3898,6553
20.0,1076,13228
20.0,3915,5157
20.0,2913,9345
20.0,2551,9694
20.0,1997,13762
20.0,1227,3581
20.0,4810,6039
20.560000000000016,61,3080
20.0,4449,10579
20.0,3414,5087
20.0,3072,745
20.0,3421,14332
20.0,2880,13504
47.910000000000004,92,2127
20.0,993,14041
20.0,2440,4352
20.0,2595,14647
20.0,2461,204
20.0,1054,11873
20.0,70,5733
20.0,456,11645
20.0,1064,9754
20.0,4481,10212
20.0,1888,5578
20.0,3238,6433
20.0,764,2863
20.0,4196,11330
20.0,3904,9665
20.0,4469,3526
20.0,4934,3859
20.0,190,11337
20.0,4615,11410
20.0,4932,1331
20.0,1013,4963
20.0,422,6937
20.0,3685,11028
20.0,2591,11421
20.0,3660,11411
20.0,1742,13769
20.0,155,5292
20.0,1731,6222
20.0,4147,12769
20.0,4066,3359
20.0,2686,13715
20.0,2187,6359
20.0,3466,7518
20.0,4495,13423
20.0,3580,8645
20.0,1336,5507
20.0,3229,8720
20.0,3704,10983
20.0,2409,11222
20.0,494,3244
20.0,85,9812
20.0,1525,5836
20.0,4007,11793
20.0,1848,3092
20.0,1895,5488
20.0,1458,6012
20.0,1758,14901
20.0,2988,13689
35.78000000000001,1350,854
20.0,1293,5681
20.0,4026,959
20.0,3147,6982
20.0,4666,1998
20.0,59,5359
20.0,2475,11363
20.0,1710,12903
20.0,2681,11818
20.0,4865,8646
20.0,1122,5462
20.0,3275,4023
20.0,1366,2076
20.0,4195,11149
20.0,3733,11016
20.0,3323,13387
20.0,195,6354
20.0,3090,7987
20.0,1512,12513
20.0,4726,11396
20.0,1634,4716
20.0,532,3934
20.0,3229,9636
20.0,1299,6172
20.0,4818,6839
20.0,680,5556
20.0,711,6580
20.0,3553,1208
20.0,2902,4514
20.0,2516,9902
20.0,1037,10351
20.0,1596,2708
20.0,699,4958
20.0,1018,2882
20.0,2687,7511
33.730000000000004,1150,1189
20.0,490,12676
20.0,819,8646
20.0,1393,12555
20.0,4408,4911
20.0,3779,6679
20.0,3956,7164
20.0,1627,13361
20.0,4058,14835
20.0,3401,8275
20.0,4845,14113
20.0,2399,4652
20.0,3652,8647
27.550000000000004,1291,1207
20.0,1175,6696
20.0,2651,10147
20.0,1240,7888
20.0,4181,10963
20.0,4889,4108
20.0,4498,11389
20.430000000000007,122,3003
20.0,1964,12157
20.0,2522,4579
20.0,3096,11775
76.18,757,298
20.0,1854,8588
20.0,3763,10921
20.0,2614,1077
20.0,2525,2068
20.0,3660,2865
20.0,4305,1588
20.0,2873,2615
20.0,1785,8961
20.0,1635,2837
20.0,116,7442
20.0,3111,9457
20.0,2478,8813
20.0,4203,3083
57.64000000000001,391,1404
20.0,2824,744
20.0,2867,12558
20.0,2711,12031
21.430000000000007,1282,1423
20.0,3924,3372
20.0,2451,9159
20.0,1544,6650
20.0,4261,12049
20.0,711,14194
20.0,3933,6720
20.0,3669,854
20.0,1918,7021
20.0,2384,2646
20.0,3424,6092
20.0,1066,8612
20.0,4456,3866
20.0,257,4477
20.0,2715,4602
20.0,2543,2769
20.0,682,5715
20.0,2152,9405
20.0,3009,10443
20.0,3133,4185
20.0,4802,13335
20.0,1981,8367
20.0,3769,13291
20.0,2612,7648
20.0,1729,4510
20.0,286,3219
20.0,4493,3881
20.0,4775,9835
20.0,1590,4396
20.0,3993,11402
75.72000000000001,413,772
20.0,2418,9724
20.0,335,4953
20.0,198,7282
20.0,4087,4202
20.0,4601,5829
20.0,1816,11526
20.0,4945,14144
20.0,1062,12478
20.0,2881,8617
20.0,2557,4400
20.0,1573,2197
20.0,2835,9163
20.0,2606,7622
20.0,3775,4724
20.0,4626,8825
20.0,1651,13718
20.0,2458,11491
20.0,390,11121
20.0,2867,3607
20.0,2546,6931
20.0,4980,7995
20.0,1775,11532
20.0,1739,9257
20.0,3317,2993
20.0,4456,7534
20.0,311,3111
20.0,1492,8152
20.0,455,2615
20.0,2240,450
20.0,4487,5151
20.0,293,8298
20.0,4635,12149
20.0,4157,5489
20.0,610,8302
20.0,4187,7457
20.0,2775,13048
20.0,643,5765
20.0,1876,6637
20.0,3279,9310
20.0,3337,1373
20.0,4123,11595
20.0,183,8824
20.0,3188,14594
20.0,3969,13456
79.47000000000001,122,1035
20.0,4544,10638
20.0,4275,2462
20.0,3028,9289
20.0,4411,12024
20.0,2035,4767
20.0,842,4015
20.0,4309,446
30.77000000000001,144,2629
20.0,1183,9382
20.0,4967,11702
20.0,287,9318
20.0,2996,11830
20.0,2580,5487
20.0,2010,2807
20.0,1098,9466
20.0,2579,6130
20.0,3014,4222
20.0,1013,12191
20.0,586,4984
20.0,4273,14915
20.0,3729,6817
20.0,4237,3351
20.0,3774,11830
20.0,592,5780
20.0,895,7254
20.0,3653,7906
20.0,3086,7819
20.0,2544,13447
20.0,4535,4773
20.0,2769,3691
20.0,1934,906
20.0,4188,7197
20.0,4399,5433
20.0,3251,11456
20.0,2760,9145
20.0,2003,5955
20.0,4787,7160
20.0,3900,8979
39.82000000000001,739,1534
20.0,2000,5788
33.75,506,2047
20.0,2180,7051
20.0,4026,12326
20.0,4294,7411
20.0,1229,8065
20.0,4335,12318
20.0,3615,3517
20.0,932,12412
20.0,449,11547
20.0,658,12694
20.0,1688,10590
20.0,2198,7011
47.2,1432,364
20.0,1453,7260
20.0,869,10390
20.0,3342,3257
20.0,869,10476
20.0,469,4628
20.0,4269,602
20.0,4567,8805
20.0,3352,8436
20.0,1558,6549
20.0,817,4357
20.0,2094,10859
20.0,2189,1067
20.0,3079,13979
20.0,1599,8410
25.920000000000005,1814,564
20.0,2695,7667
20.0,3766,12224
20.0,4655,6771
20.0,4531,13628
20.0,2343,779
20.0,4887,7874
20.0,2758,8937
20.0,950,14217
20.0,3134,6668
20.0,2059,4350
20.0,291,13265
20.0,2435,3239
20.0,4318,4337
20.0,721,13808
20.0,213,12436
20.0,514,12718
20.0,3092,652
20.0,4642,12353
20.0,4845,6737
20.0,2492,14033
20.0,4848,1581
20.0,2405,8354
20.0,4328,1667
20.0,4774,13639
20.0,2607,2938
20.0,595,7772
20.0,4769,14927
20.0,3885,9608
20.0,643,6947
20.0,4889,1080
20.0,3854,12206
20.0,1509,3349
20.0,3543,8476
20.0,2651,13541
20.0,2494,8092
20.0,2722,4344
20.0,4250,1368
20.0,66,12556
20.0,3241,3329
20.0,442,3845
20.0,474,2726
20.0,621,11259
20.0,3681,3716
20.0,1170,3567
20.0,291,14189
20.0,3947,7538
20.0,4145,14086
20.0,2329,10586
20.0,838,3755
20.0,764,14357
20.0,4904,5311
20.0,2899,6952
63.05000000000001,825,645
20.0,4076,6564
20.0,2297,3826
20.0,128,4216
20.0,3976,4075
20.0,905,5697
20.0,2198,11729
20.0,1081,6438
20.0,4990,461
20.0,3321,10240
20.0,3626,5192
20.0,4232,13582
20.0,3506,4225
20.0,3556,10658
20.0,457,14044
20.0,2761,8483
20.0,3138,4422
20.0,1718,4375
20.0,197,14335
20.0,4377,11701
20.0,3947,9374
20.0,2000,3643
20.0,415,5211
20.0,1724,10925
20.0,4581,893
20.0,4544,12512
20.0,2596,8547
20.0,612,11980
20.0,3612,2012
20.0,2539,14041
20.0,822,14454
20.0,2087,14221
20.0,3473,13568
20.0,2617,5924
20.0,1623,12506
20.0,3744,1607
20.0,3341,8232
20.0,1296,9608
20.0,3769,14772
20.0,3889,1610
20.0,409,3697
20.0,2426,4572
20.0,3059,7594
20.0,3043,13232
52.39,1012,751
20.0,3682,11786
20.0,1877,9568
20.0,1663,13126
20.0,1690,4532
20.0,2266,1197
20.0,4362,4276
20.0,427,14590
20.0,4264,6299
20.0,4335,5755
20.0,419,11123
20.0,2246,14644
20.0,3797,12329
20.0,701,4252
20.0,819,5503
20.0,2471,8318
20.0,830,13879
20.0,1766,6302
20.0,4033,13709
20.0,1361,5690
20.0,3409,8764
20.0,572,5816
20.0,571,2448
20.0,4928,1048
20.0,2370,10948
20.0,985,13833
20.0,2280,10714
20.0,4090,6554
20.0,4633,8895
20.0,4991,8270
20.0,3747,11581
20.0,2887,9094
20.0,4133,3825
20.0,2511,14577
20.0,3293,514
20.0,3409,2576
20.0,735,9432
20.0,2210,4578
20.0,4038,11382
20.0,4116,8649
27.5,1617,774
20.0,88,13061
20.0,2594,13530
20.0,4925,9944
20.0,1306,12910
20.0,3040,5785
20.0,2246,5692
20.0,3518,9149
20.0,2758,3010
20.0,351,8334
20.0,696,9496
20.0,4808,5870
20.0,1809,7915
20.0,4401,6767
20.0,647,12916
20.0,711,3659
20.0,4380,6317
20.0,1418,4192
20.0,2631,8037
20.0,3918,403
20.0,3587,14731
20.0,4915,2975
20.0,4358,10724
20.0,4608,2192
28.830000000000013,332,2443
20.0,3728,8698
20.0,1536,1887
20.0,4132,4309
20.0,4233,2060
20.0,510,10353
20.0,2375,5376
20.0,3804,922
20.0,2518,9171
20.0,1774,13721
20.0,1426,8920
20.0,2793,5093
76.55000000000001,564,543
20.0,752,12178
20.0,1703,12074
20.0,2116,5598
20.0,72,8600
20.0,2510,4936
20.0,1354,3606
20.0,3350,9703
20.0,411,10691
20.0,3777,11728
20.0,1334,14806
20.0,564,10339
61.910000000000004,498,1119
20.0,1905,6019
20.0,3612,2244
20.0,2570,618
20.0,3131,1949
20.0,1478,11234
20.0,4017,7578
20.0,972,13876
20.0,3187,1299
20.0,2209,3592
20.0,2597,2972
20.0,3029,10872
20.0,2331,14644
20.0,2699,6984
48.53000000000001,363,1745
20.0,2663,1270
20.0,3133,6722
20.0,2306,2050
20.0,1087,13607
20.0,3539,5253
20.0,2684,12590
20.0,4033,3139
20.0,1828,13657
20.0,3945,10295
20.0,1174,7394
20.0,747,6051
20.0,2229,6873
30.900000000000002,1454,878
20.0,1093,14456
20.0,1979,1188
20.0,1063,13593
20.0,276,10867
20.0,1878,9999
20.0,4967,11261
20.0,2073,1702
20.0,2502,1989
20.0,2135,5481
20.0,4333,5227
21.450000000000003,1130,1625
20.0,2370,13549
20.0,3240,14466
20.0,2680,6854
20.0,2613,2640
20.0,3342,10434
20.0,4671,7056
20.0,3636,7567
20.0,4481,9670
20.0,2997,13690
20.0,4009,2794
20.0,2863,4889
20.0,2633,2636
20.0,211,5717
20.0,643,12195
20.0,3309,10597
20.0,4205,9419
20.0,3012,6510
20.0,3938,3739
20.0,3440,13447
20.0,4551,14944
20.0,713,3683
20.0,1182,7571
20.0,591,2441
20.0,3024,6578
20.0,917,2965
20.0,2116,9565
20.0,481,11622
20.0,4885,11742
20.0,4328,5111
47.06999999999999,1256,603
20.0,2578,13380
20.0,1219,11117
20.0,880,3582
20.0,1701,4363
20.0,1186,7830
20.0,2860,287
20.0,525,14752
20.0,2860,14536
20.0,1376,9550
20.0,1069,6016
20.0,1886,5670
20.0,4306,14675
20.0,2498,6476
20.0,4343,5939
20.0,1333,4473
20.0,709,11249
20.0,2060,9773
20.0,448,6723
20.0,1783,5203
20.0,2175,8238
20.0,2221,14985
20.0,124,13073
20.0,4747,6806
20.0,3521,13477
20.0,886,13619
20.0,549,14657
40.0,187,2264
20.0,2147,5515
20.0,3746,10766
22.490000000000002,1935,517
20.0,2807,1702
20.0,3970,6330
20.0,1950,7619
20.0,2660,2242
20.0,4036,4798
20.0,1499,10414
82.02000000000001,596,318
20.0,4726,909
20.0,2053,3757
20.0,2146,12532
20.0,753,12801
20.0,2453,3450
20.0,1675,8261
20.0,3381,8809
20.0,4783,2803
20.0,3028,12246
20.0,4786,1301
20.0,2889,4621
20.0,3434,8057
20.0,2709,11820
20.0,1911,8377
20.0,2906,13927
20.0,735,6282
20.0,4333,6858
20.0,1669,2461
20.0,4693,8221
20.0,1481,12561
20.0,925,12026
20.0,4763,14090
20.0,2511,708
20.0,1415,2579
20.0,1293,11556
20.0,212,9079
20.0,2024,4952
20.0,3341,14030
20.0,319,9684
20.0,681,5695
20.0,955,12297
20.0,3521,11467
20.0,3303,3409
20.0,2064,7598
20.0,1691,6943
20.0,254,5848
20.0,631,5371
20.0,890,8090
28.92,1769,524
20.0,2693,13479
20.0,2347,10385
20.0,924,12368
20.0,739,13204
20.0,4050,11162
20.0,3191,12764
20.0,1472,10975
20.0,721,3757
20.0,1221,3787
20.0,3776,351
41.06000000000001,993,1154
20.0,1499,13994
20.0,3787,4554
20.0,2589,10763
20.0,4009,7360
20.0,4310,13356
20.0,2411,9583
20.0,3702,887
20.0,3720,8701
20.0,1803,9894
20.0,2402,3327
20.0,1988,6963
20.0,420,12960
20.0,4998,11759
20.0,4529,14996
20.0,1981,3595
20.0,474,9205
20.0,4774,1045
36.72000000000001,944,1364
20.0,647,13154
20.0,3112,14797
20.0,2386,6104
20.0,4738,13931
20.0,1737,10159
20.0,622,5560
20.0,2140,554
20.0,3719,2072
20.0,4322,2224
20.0,4674,3017
20.0,1683,4032
20.0,1567,12667
20.0,4343,8457
20.0,2707,13307
20.0,3698,13859
20.0,4998,12658
20.0,3638,12482
20.0,1587,10913
20.0,3187,2781
20.0,147,9782
20.0,3265,9522
20.0,4580,2686
20.0,4782,9226
20.0,3800,8618
20.0,3207,11907
20.0,4733,12929
20.390000000000015,393,2643
20.0,4716,9119
20.0,660,14092
20.0,1777,14619
20.0,2340,12078
20.0,1904,12014
20.0,2658,1236
20.0,2129,10224
20.0,2374,14336
20.0,4677,11132
20.0,1227,8884
20.0,1141,7635
20.0,2841,1748
20.0,1799,9535
20.0,2725,5265
20.0,831,6696
20.0,3098,6383
20.0,2155,4157
20.0,3917,3607
20.0,4592,839
20.0,2163,372
20.0,4020,5866
20.0,2041,4554
20.0,1117,4159
20.0,1627,8908
20.0,1061,8914
20.0,2324,10309
20.0,4919,3086
20.0,1864,2364
20.0,2476,14719
20.0,4452,10321
20.0,4924,4145
20.0,2601,5435
20.0,3707,10601
20.0,57,7946
20.0,2605,12175
20.0,525,2790
20.0,2261,7954
20.0,534,5134
20.0,4704,4276
20.0,2335,5385
20.0,4613,1293
20.0,3575,4080
20.0,3389,10886
20.0,2872,6759
20.0,4993,10971
20.0,2974,10880
20.0,308,2985
20.0,332,6265
20.0,1948,14999
20.0,4185,6739
20.0,3026,11150
20.0,2317,1774
20.0,3250,5876
20.0,662,14930
20.0,737,10765
20.0,3740,8260
20.0,662,4190
20.0,2357,5410
20.0,3063,5045
20.0,1831,9485
20.0,2641,1389
20.0,2746,2889
20.0,4008,4295
20.0,624,14749
20.0,1960,2075
20.0,3654,7968
20.0,719,3606
20.0,4414,10179
20.0,1333,14904
20.0,973,4132
20.0,1175,9999
20.0,1579,12140
20.0,1644,8440
20.0,296,13563
20.0,3761,5608
20.0,1610,4061
20.0,2450,14137
20.0,2293,7606
20.0,3914,10572
20.0,1989,11438
20.0,3119,3033
20.0,276,5485
20.0,3597,9789
20.0,314,14908
20.0,1445,14316
20.0,3607,7845
20.0,695,12218
20.0,3040,12966
20.0,1949,9223
20.0,2554,11089
20.0,2822,14102
20.0,1204,4977
20.0,637,2935
20.0,4621,13811
20.0,1871,8473
20.0,1035,8478
20.0,4129,6568
20.0,3398,10455
20.0,3881,1021
20.0,1291,7725
94.98,239,362
20.0,1030,7977
20.0,1748,12131
20.0,1765,10789
20.0,2643,2132
20.0,4186,11120
20.0,4483,3735
20.0,1148,14338
20.0,2376,6156
20.0,3297,3646
20.0,945,13603
20.0,1724,14716
20.0,2959,2990
20.0,980,2907
20.0,4434,8159
20.0,773,14370
20.0,2990,4133
20.0,1139,3585
20.0,4628,6836
42.34,985,1122
20.0,2345,8289
20.0,205,10567
20.0,1120,13937
20.0,2008,9974
20.0,2551,764
20.0,4269,3458
20.0,3880,10989
20.0,904,2700
20.0,689,4766
20.0,2288,9379
20.0,1652,7081
20.0,491,3836
20.0,4678,6230
47.27000000000001,1386,423
20.0,3750,6497
58.980000000000004,998,550
20.0,3423,7514
31.20000000000001,509,2128
20.0,4696,7943
20.0,442,8740
20.0,3988,12669
20.0,1837,4932
20.0,4990,1217
20.0,2307,2426
20.0,1188,7406
20.0,3858,13259
20.0,4791,7370
20.0,2504,13503
20.0,1516,6407
20.0,3724,12516
20.0,1427,2619
20.0,2647,6440
44.970000000000006,191,2093
20.0,2709,13953
20.0,4646,5522
20.0,889,11432
20.0,3668,10460
20.0,3967,7918
20.0,645,7078
20.0,1954,1325
20.0,330,3317
20.0,473,4361
20.0,4415,4242
20.0,4299,13622
20.0,1800,4633
20.0,4807,10562
20.0,2017,14216
20.0,4138,8838
20.0,4228,2858
20.0,2996,11754
20.0,1499,11110
20.0,2381,3683
20.0,2270,3144
20.0,3839,12768
20.0,2860,7410
20.0,4778,7853
20.0,1581,8987
20.0,4932,2186
20.0,3040,11142
20.0,4543,1274
20.0,1193,12361
20.0,983,4505
20.0,1510,12613
20.0,2773,12979
20.0,2562,11972
20.0,335,3207
67.77000000000001,314,1169
20.0,2417,8972
20.0,3497,3024
20.0,4966,14793
20.0,1812,12393
20.0,3098,1411
20.0,2431,429
20.0,2319,4484
20.0,90,14545
20.0,117,3385
52.89,1037,701
20.0,4058,10524
20.0,3248,248
20.0,4840,3766
20.0,2574,3255
20.0,1135,9080
20.0,2529,586
20.0,1743,1169
20.0,2365,11852
20.0,828,9397
20.0,4639,14753
20.0,1635,6020
20.0,1542,14492
20.0,710,3252
20.0,1398,11809
20.0,1349,7597
20.0,3990,2502
20.0,2036,2483
20.0,2094,9999
20.0,3566,14277
20.0,1108,4566
64.70000000000002,1026,322
20.0,4627,6999
20.0,777,9672
20.0,2577,3927
20.0,3186,13932
20.0,392,8650
20.0,1497,9339
20.0,2429,14582
20.0,3709,5158
70.64000000000001,576,724
20.0,1946,9279
20.0,4804,8599
20.0,2123,11774
20.0,4965,11186
86.76,455,348
20.0,1623,8201
20.0,4650,637
20.0,3790,10594
20.0,4324,3949
20.0,4277,11553
20.0,1896,14209
20.0,1528,12293
20.0,2445,8386
20.0,821,4653
20.0,628,11637
20.0,2951,5536
20.0,243,14418
20.0,2057,4751
20.0,1235,3023
20.0,2444,5928
20.0,3048,13116
20.0,1842,11662
20.0,1160,8877
20.0,4055,8591
20.0,2311,12858
20.0,3786,13501
20.0,3843,2182
20.0,1986,7196
20.0,4925,9863
20.0,4407,12735
20.0,779,13275
20.0,4428,2511
20.0,3501,7425
20.0,4507,11765
20.0,4586,10470
20.0,2190,9913
20.0,1694,13760
20.0,2850,804
20.0,191,8375
20.0,1505,12240
20.0,4846,11734
20.0,2146,5985
20.0,1375,9809
20.0,1263,14308
20.0,1209,4797
20.0,4700,7959
20.0,4549,12267
20.0,4747,7732
20.0,390,11325
20.0,3878,8940
20.0,2018,13853
54.14,753,1038
20.0,4463,13918
20.0,2479,13936
20.0,1850,4015
20.0,4962,1047
20.0,4698,4909
20.0,905,4707
20.0,1862,6775
20.0,2916,4973
20.0,3692,12646
20.0,232,14549
20.0,3162,4668
20.0,4542,10664
20.0,1567,5392
20.0,1406,3520
20.0,2224,10950
20.0,3679,4898
20.0,3678,4511
20.0,4146,10388
20.0,3289,3873
20.0,3741,1764
20.0,68,12410
20.0,3453,2040
20.0,4729,6258
20.0,4601,7331
20.0,3054,11683
20.0,1182,11279
20.0,3389,926
20.0,3361,9636
20.0,3422,11852
20.0,1037,6897
20.0,3371,12110
20.0,4665,9457
20.0,223,13163
20.0,3791,482
20.0,3102,1281
20.0,776,4085
20.0,3810,3081
20.0,1925,10976
20.0,4083,14396
20.0,1039,3170
20.0,3794,9544
20.0,2736,7185
20.0,469,11889
55.27000000000001,643,1147
20.0,1824,4960
20.0,2509,10109
20.0,985,13636
20.0,3858,266
20.0,381,14541
20.0,3499,9028
20.0,2752,8705
20.0,4056,11789
20.0,3918,764
20.0,4250,9993
20.0,251,9217
20.0,2547,13593
20.0,1892,3870
20.0,1916,9417
20.0,2046,2451
20.0,959,13149
20.0,4355,1004
20.0,4708,10843
20.0,3239,4831
20.0,820,9783
20.0,3205,1435
20.0,2551,6920
20.0,2764,12424
20.0,4774,11672
20.0,3635,7106
20.0,1678,6216
20.0,436,14652
20.0,3471,13115
20.0,4058,13236
20.0,4143,3749
20.0,4413,12592
20.0,2516,8138
20.0,2332,4341
20.0,1906,7166
20.0,2048,9746
20.0,1286,5535
20.0,4719,5277
20.0,4194,13447
20.0,1200,5811
20.0,4368,10228
20.0,1481,8289
20.0,1869,3092
20.0,2374,10888
20.0,1180,10975
20.0,2708,10950
20.0,3550,5777
20.0,424,3818
20.0,2170,1759
20.0,4070,6883
20.0,2071,1707
20.0,3755,12463
20.0,3309,2263
20.0,3485,3842
20.0,1939,2200
20.0,1873,14778
20.0,1524,14461
20.0,2292,13399
20.0,3293,1494
20.0,3184,4265
20.0,2120,14290
20.0,409,11144
20.0,2091,8214
20.0,1191,10145
20.0,1685,12602
20.0,4050,1803
20.0,1993,1522
20.0,4824,6156
20.0,3411,14932
20.0,3030,2641
74.22000000000001,56,1298
20.0,3317,5273
20.0,1641,9897
20.0,4978,9518
20.0,3314,8688
20.0,2656,11441
20.0,3269,10617
20.0,3323,14850
20.0,963,13550
20.0,2061,12746
20.0,1492,3987
20.0,3104,14542
20.0,3596,2296
20.0,4271,12001
20.0,4962,2408
20.0,2978,6188
28.99000000000001,1879,375
20.0,625,7369
20.0,979,13488
20.0,3809,6214
20.0,3749,10894
20.0,1513,12391
20.0,3325,1867
20.0,4978,12763
20.0,1104,10937
20.0,1950,9067
20.0,1507,2023
20.0,1449,5347
20.0,3465,1556
20.0,492,3272
20.0,3700,3459
20.0,4702,6399
43.900000000000006,1228,746
20.0,4508,5431
20.0,1307,8165
20.0,3684,2283
20.0,1891,2240
20.0,2359,4734
20.0,960,1952
20.0,4390,10007
20.0,4687,2049
20.0,4059,2842
20.0,2219,1800
20.0,2222,11788
20.0,173,14151
20.0,3208,4602
20.0,835,11997
20.0,2466,3999
57.02,846,818
20.0,4222,1332
20.0,4204,5691
20.0,1986,14892
20.0,2206,14716
20.0,3857,13867
20.0,1351,5995
20.0,4213,10507
20.0,3190,10731
20.0,3286,11131
20.0,2402,12668
20.0,1982,7833
20.0,2771,14969
48.230000000000004,414,1687
20.0,4966,8048
20.0,2440,5209
20.0,996,9949
20.0,1427,2313
20.0,1489,1244
20.0,3230,14123
20.0,4907,2631
20.0,390,8179
20.0,3039,14126
44.660000000000004,432,1782
20.0,1606,14574
56.2,349,1508
20.0,188,5117
20.0,408,8993
20.0,4981,1820
20.0,1572,13272
20.0,3506,7703
20.0,1677,13699
20.0,1353,4966
20.0,1184,5562
20.0,2236,5392
20.0,3220,6822
20.0,3885,6293
20.0,2201,6904
54.92,1287,300
20.0,3785,6857
20.0,2884,6075
20.0,4310,4471
60.370000000000005,1048,437
20.0,2617,7426
20.0,1357,8232
20.0,706,5418
20.0,2710,4225
20.0,2261,11310
20.0,1959,6273
20.0,3780,2742
20.0,2096,10395
20.0,3212,1737
39.180000000000014,1190,954
20.0,316,11760
20.0,1895,10650
20.0,1758,13634
20.0,3680,7596
20.0,3261,12057
20.0,2343,8023
20.0,3782,5707
20.0,3879,4435
30.800000000000008,1560,740
20.0,525,5710
20.0,1026,8661
20.0,1257,8126
20.0,2010,5331
20.0,607,14378
20.0,932,11852
20.0,2244,11800
20.0,4811,8897
20.0,2717,1329
20.0,4727,10471
20.0,4840,3345
20.0,1660,11634
20.0,3538,14360
20.0,2504,13580
20.0,4544,13300
20.0,1996,8753
20.0,4860,3920
20.0,4849,9848
20.0,2858,13416
20.0,3875,4267
20.0,3586,4395
20.0,3852,10073
20.0,4227,14544
20.0,4749,9444
20.0,2020,7481
20.0,3872,2709
20.0,2869,5216
20.0,952,6733
20.0,414,4927
20.0,4308,881
20.0,3169,14692
20.0,2608,14870
20.0,1913,4132
20.0,165,14795
20.0,2434,10521
20.0,3985,13241
20.0,4985,5760
20.0,2540,4216
20.0,992,7539
20.0,1774,11694
20.0,2384,919
20.0,2817,274
20.0,1187,9685
20.0,2577,10314
20.0,4167,4357
20.0,3470,13361
20.0,4828,8711
20.0,3956,2349
20.0,3687,9844
20.0,3003,13361
20.0,2417,14233
20.0,4271,14790
20.0,326,9947
20.0,2049,6913
20.0,1277,4407
20.0,3802,11424
20.0,3785,7341
20.0,745,8852
20.0,1359,9278
20.0,4202,11925
20.0,3284,4136
20.0,4164,9507
20.0,2361,1275
20.0,2891,4076
20.0,4258,4815
20.0,3609,13299
20.0,3448,7465
20.0,591,6579
20.0,2744,10316
20.0,4724,14092
20.0,1138,9318
20.0,3413,4852
20.0,74,6992
20.0,1622,10673
20.0,3008,9447
20.0,4286,7656
20.0,1817,4874
20.0,4793,741
20.0,2285,2361
31.870000000000005,250,2451
20.0,3248,9444
20.0,306,4769
20.0,3797,2944
20.0,4692,14788
20.0,2291,12261
20.0,3225,13392
20.0,3656,6241
20.0,3386,12873
20.0,4947,12549
20.0,463,13002
20.0,2064,12917
20.0,1431,4875
20.0,1148,1760
20.0,3476,12154
20.0,3705,1364
20.0,959,5619
20.0,237,2922
20.0,4094,10750
20.0,3806,670
20.0,2065,9808
20.0,2142,14153
20.0,3694,1668
20.0,2180,8125
68.88000000000001,407,1008
20.0,2472,8563
20.0,4307,6919
20.0,4595,12518
20.0,1547,12534
20.0,2208,12617
20.0,2605,10791
20.0,2392,5273
20.0,3001,8212
20.0,1288,1845
20.0,1023,14092
20.0,4777,8449
20.0,4015,1329
24.81000000000001,1100,1553
20.0,3751,967
20.0,2830,4095
20.0,1638,9074
20.0,3928,3654
20.0,2418,10400
20.0,486,7529
20.0,2878,14821
20.0,1606,11534
20.0,3908,1990
20.0,1354,9869
20.0,2434,1085
20.0,232,7934
20.0,1639,4106
20.0,1637,4692
20.0,709,9930
38.85000000000001,209,2273
20.0,4003,512
20.0,1061,6469
20.0,102,14076
20.0,2357,5517
33.980000000000004,1278,1010
20.0,1085,10627
20.0,3752,7041
20.0,4095,11249
20.0,4995,11155
20.0,4499,2232
20.0,1314,9899
20.0,1934,12937
20.0,1859,10962
20.0,3217,10286
20.0,3847,13865
20.0,2391,7329
20.0,3464,2905
20.0,867,8988
20.0,2487,2347
53.42999999999999,938,815
52.31,717,1147
20.0,4778,5877
20.0,2674,4851
20.0,4282,12765
20.0,4573,12156
20.0,868,8066
20.0,2238,2213
20.0,1156,3897
20.0,2274,690
20.0,247,4550
20.0,2721,2628
20.0,3542,5187
20.0,2498,8933
20.0,520,9679
20.0,1998,10025
20.0,3949,5120
20.0,2060,3126
20.0,3850,9744
20.0,4168,7482
20.0,3846,4576
20.0,4038,9690
20.0,284,5068
20.0,978,7186
20.0,3657,7062
20.0,572,12359
20.0,3573,4623
20.0,4576,10650
20.0,4938,7070
20.0,1679,13410
20.0,4678,13039
20.0,1366,8359
20.0,2907,2273
20.0,1174,6370
20.0,2637,901
20.0,1073,10311
20.0,1428,8313
20.0,3424,7025
20.0,1569,10852
20.0,276,12654
20.0,941,8067
20.0,4122,4464
20.0,2307,8168
20.0,2838,8346
20.0,446,12716
20.0,2128,14490
20.0,4794,7976
20.0,4474,8758
20.0,3287,8919
20.0,3943,5086
20.0,2055,12110
20.0,2066,12001
20.0,3221,4135
20.0,2718,4819
20.0,1928,5391
20.0,1246,14156
20.0,1822,10545
20.0,211,7075
20.0,4026,10300
20.0,1801,11404
20.0,825,8056
20.0,989,5601
20.0,3270,12620
20.0,589,3222
20.0,4967,14804
20.0,1511,11875
20.0,405,11112
20.0,3654,5938
20.0,3373,6184
44.94000000000001,284,1970
20.0,1598,12505
20.0,2146,10169
20.0,4263,12604
20.0,2151,9189
20.0,1723,3415
20.0,2150,12180
20.0,3707,6894
20.0,4703,3176
20.0,3646,3937
20.0,3798,10103
20.0,3223,952
20.0,1865,10861
20.0,3891,12361
20.0,2055,1592
20.0,4543,6989
20.0,724,10997
20.0,436,14585
20.0,2208,877
20.0,2711,305
20.0,2114,11679
20.0,3901,4953
20.0,3303,2146
20.0,4686,5744
20.0,4316,1295
20.0,789,13475
20.0,1451,7185
20.0,3309,14296
20.0,2327,1982
20.0,3954,4741
20.0,3973,14436
20.0,4264,3457
20.0,3277,6413
20.0,2881,10389
20.0,3808,14685
20.0,2562,5069
20.0,2201,1761
20.0,3725,4206
20.0,2795,10067
20.0,3916,9514
20.0,3814,4181
20.0,2272,9693
20.0,2842,5882
20.0,1747,5982
20.0,3512,1143
20.0,4113,4750
20.0,1574,13615
20.0,4810,9337
88.12,82,800
20.0,4075,11092
20.0,2616,13212
20.0,2853,6576
20.0,3946,9809
20.0,3759,1724
20.0,769,3966
20.0,4629,450
20.0,1022,9936
20.0,3768,278
20.0,4452,3323
20.0,4602,9289
20.0,2257,7264
20.0,4476,13268
20.0,4370,8617
20.0,3080,13562
20.0,3625,1409
20.0,3166,5353
20.0,3335,5098
20.0,693,13229
20.0,4761,2378
20.0,244,11071
20.0,4046,7810
20.0,538,11277
20.0,2254,11198
20.0,2707,9095
20.0,3326,2744
20.0,1152,5722
20.0,1291,2570
20.0,565,3481
20.0,442,4910
72.36,680,528
20.0,3766,13883
20.0,1897,5779
20.0,2705,4428
20.0,1029,13322
20.0,4579,6994
20.0,3452,320
20.0,3921,6949
20.0,327,13963
69.2,282,1164
20.0,1602,4424
20.0,3320,3875
20.0,2459,5894
20.0,3562,2276
20.0,75,7065
20.0,510,5843
20.0,3814,8724
20.0,3481,11760
20.0,3533,5449
20.0,2044,1516
51.920000000000016,540,1396
20.0,1122,3370
20.0,3223,9821
88.15,265,555
20.0,1773,12626
20.0,1642,9918
20.0,2656,12289
20.0,208,13685
20.0,4831,228
20.0,3363,13418
20.0,2891,1213
20.0,1826,11094
20.0,2102,9219
20.0,2345,12838
20.0,1746,2224
20.0,3043,8690
20.0,2519,6039
20.0,1996,10257
20.0,3859,12408
20.0,2833,13703
20.0,3694,5991
20.0,2550,10503
20.0,3695,954
20.0,2695,9161
20.0,2399,3935
20.0,1982,1438
20.0,3344,13321
20.0,1807,10605
20.0,1166,2106
20.0,2617,7599
20.0,3549,8161
20.0,542,9956
20.0,3356,9610
20.0,669,4801
20.0,3282,9749
20.0,3873,12231
20.0,2430,1660
20.0,1596,7869
20.0,3613,12377
20.0,1655,1616
20.0,3802,11245
20.0,4725,7966
20.0,1940,13660
20.0,1325,13248
20.0,2793,13320
20.0,2543,1628
20.0,406,4578
20.0,919,7729
20.0,935,4674
20.0,2051,12685
20.0,1333,11454
20.0,669,3271
55.470000000000006,932,755
20.0,846,8747
20.0,3692,1763
20.0,3475,11892
24.360000000000007,1346,1240
20.0,4764,2886
20.0,294,12866
20.0,2945,13167
20.0,979,2753
33.27,569,1979
20.0,3262,13386
20.0,2459,275
20.0,57,4526
20.0,2575,6035
20.0,3473,5257
20.0,2069,11711
20.0,4640,2549
20.0,4332,2973
20.0,3717,2462
20.0,3721,3429
20.0,2851,10508
92.24000000000001,135,592
20.0,3165,1308
20.0,4282,4562
20.0,2518,5388
20.0,3669,9002
20.0,1686,13858
20.0,3633,13496
20.0,4059,5257
20.0,3376,11167
20.0,2268,4198
20.0,2267,9064
20.0,2419,6766
20.0,3688,3877
20.0,2553,5996
20.0,993,14650
20.0,2887,6563
20.0,2710,8323
20.0,2986,8422
20.0,4494,7890
20.0,3997,13854
20.0,1726,1600
20.0,1246,13641
20.0,4155,4271
20.0,2837,9008
20.0,1511,13026
20.0,3368,2986
20.0,716,7369
20.0,2226,1070
20.0,3793,4396
20.0,650,11996
20.0,2702,9804
20.0,4472,2939
20.0,3874,1140
20.0,3956,540
20.0,1029,11300
20.0,2501,13531
20.0,678,7622
20.0,1679,4333
20.0,3746,859
20.0,3480,10425
20.0,3724,9952
20.0,3979,3657
20.0,2815,10048
20.0,4419,3175
20.0,4830,9441
89.21000000000001,165,653
20.0,2053,10096
20.0,742,8384
20.0,3212,5642
20.0,1155,11176
20.0,3058,1018
20.0,2211,5068
100.92,203,212
20.0,3749,12371
20.0,4460,7927
20.0,3836,1120
20.0,1114,5120
20.0,4250,2618
20.0,1963,9706
20.0,1266,6675
20.0,2451,12069
20.0,1822,14796
20.0,2010,2217
20.0,2830,8157
20.0,4854,9620
20.0,4796,4992
20.0,2921,7030
20.0,710,13437
20.0,2685,2634
20.0,2379,3068
20.0,4004,10907
20.0,2500,1638
20.0,1182,12556
20.0,749,3743
20.0,2088,11567
20.0,4697,1981
20.0,4550,6543
20.0,4607,2463
20.0,2229,10361
20.0,2888,411
20.0,923,8899
20.0,133,6359
20.0,1472,14009
20.0,2725,7227
20.0,3230,531
20.0,4366,7060
20.0,4025,8244
20.0,1441,8369
20.0,3268,8942
20.0,4257,5920
20.0,664,9333
20.0,3021,14791
20.0,3615,927
20.0,3626,5175
20.0,4620,11254
20.0,320,3443
20.0,4116,848
20.0,2518,5295
20.0,1440,14009
20.0,3404,6814
20.0,4185,11129
20.0,3657,14100
20.0,2633,11139
20.0,4123,7335
20.0,3125,1209
20.0,3956,1750
20.0,339,9195
20.0,2530,12472
20.0,3302,7692
20.0,328,12701
20.0,2974,12656
20.0,630,3601
20.0,303,7647
20.0,4326,13465
20.0,4826,5624
20.0,874,4441
20.0,3882,14286
20.0,749,13003
20.0,1430,3361
20.0,3946,12940
20.0,1723,4355
20.0,2777,7678
20.0,3206,8919
20.0,3438,11690
20.0,4357,9415
20.0,433,6817
20.0,391,5860
20.0,2037,12126
20.0,4109,13590
20.0,4989,8824
20.0,3159,1376
20.0,4132,8156
20.0,4565,8792
20.0,2848,10496
20.0,3290,11442
20.0,2038,2433
20.0,3464,10837
20.0,1899,4900
20.0,355,11227
20.0,3663,14693
20.0,2799,6106
20.0,1185,8060
20.0,255,7726
20.0,4641,5759
20.0,3500,6932
20.0,3861,2713
20.0,3672,8030
20.0,3649,14981
20.0,2601,10165
20.0,4358,7144
20.0,359,8110
20.0,2758,5849
20.0,2041,1296
20.0,321,9320
20.0,3692,2151
20.0,4136,10365
20.0,1872,14552
20.0,3323,9946
20.0,4588,11170
20.0,4399,12813
20.0,570,9386
20.0,1026,7999
20.0,3772,9004
20.0,3601,10985
20.0,4155,795
20.0,2823,13408
20.0,2602,8075
20.0,2882,9233
20.0,3957,13713
20.0,202,4639
20.0,3014,6172
20.0,2966,1058
20.0,2850,5719
20.0,1802,7585
20.0,2660,8836
20.0,3925,10180
20.0,1154,4517
20.0,2586,3654
20.0,4249,12344
20.0,3904,13079
20.0,3544,1230
20.0,1964,9687
20.0,3122,8106
20.0,1056,13505
20.0,456,10455
57.35000000000001,216,1647
20.0,558,10437
20.0,1711,13011
20.0,3714,3050
20.0,3539,12216
20.0,4908,10460
20.0,730,12153
20.0,2574,8306
20.0,2170,10667
20.0,4727,7351
20.0,4407,10200
20.0,1413,9703
20.0,1381,7152
20.0,2342,4255
20.0,1588,5602
20.0,3458,10843
20.0,610,9481
20.0,1149,1872
20.0,1953,12067
20.0,224,4732
20.0,2206,5124
20.0,2280,12746
20.0,4337,10395
20.0,4210,6285
20.0,3970,12590
20.0,1547,13480
20.0,3904,7934
20.0,3221,5064
20.0,1617,9516
24.730000000000018,1201,1421
20.0,418,3060
20.0,4996,10665
20.0,92,11382
20.0,1957,10902
20.0,3540,8628
20.0,2585,9536
20.0,4223,3453
20.0,2923,3982
20.0,1874,7157
32.7,1343,966
20.0,4819,2881
20.0,4846,7910
20.0,4904,7682
20.0,3436,5286
20.0,3022,8164
20.0,3972,2865
20.0,1042,10151
20.0,2436,14808
20.0,2290,14767
20.0,1526,11883
20.0,3457,11207
20.0,439,3713
52.59,1049,695
20.0,4670,13535
20.0,1905,11572
20.0,708,6022
20.0,2813,12322
20.0,3713,2272
20.0,1531,14823
20.0,3781,7995
20.0,501,8729
20.0,2525,4149
20.0,3272,6233
20.0,1587,11500
20.0,3143,10209
20.0,932,8528
20.0,4458,2755
20.0,4118,6570
20.0,4985,4615
20.0,2616,6159
20.0,3327,9307
20.0,424,13693
20.0,4596,6193
20.0,3747,14621
20.0,3112,11930
20.0,4740,5221
20.0,3300,10492
20.0,4645,3107
20.0,4609,3114
20.0,162,13746
20.0,3247,10374
20.0,2428,4070
20.0,1974,12920
20.0,189,11959
20.0,1474,9390
20.0,2999,10539
20.0,3218,5285
20.0,566,13086
20.0,2666,6746
60.07000000000001,937,595
20.0,3154,11990
20.0,99,12902
20.0,4001,1138
20.0,3610,10028
20.0,68,11116
20.0,4871,2710
20.0,1523,4836
20.0,4111,1849
20.0,2656,3890
20.0,501,14433
20.0,3815,3635
20.0,2488,3401
20.0,4360,4379
20.0,1599,12758
20.0,3524,10683
20.0,177,12875
20.0,4905,8605
20.0,2811,3437
20.0,4506,4062
20.0,4714,258
20.0,1465,14113
20.0,251,11322
20.0,2419,5138
20.0,567,3171
20.0,1391,9919
20.0,4826,14217
20.0,2038,8514
20.0,3595,12111
20.0,4570,9828
20.0,3852,9554
20.0,3325,11692
20.0,3704,3545
20.0,2484,2686
20.0,4923,761
20.0,257,4181
20.0,2683,6461
20.0,4167,1937
20.0,203,9296
20.0,3416,3754
20.0,4364,12882
20.0,4814,10118
20.0,1568,11315
20.0,2650,11923
20.0,2245,12298
20.0,4548,14204
20.0,4741,9326
20.0,3604,13589
20.0,2464,7295
20.0,2899,13923
20.0,1792,8466
46.34,1356,494
20.0,3899,8412
20.0,4218,11634
20.0,4626,9430
20.0,4705,5530
20.0,4890,4855
20.0,4245,1309
20.0,2605,13660
20.0,2355,3971
20.0,4558,8763
20.0,1138,6323
20.0,2692,7847
20.0,1227,13305
20.0,4966,1374
20.0,4807,1364
20.0,3044,9484
20.0,609,9675
20.0,3014,10403
20.0,1321,9237
20.0,1863,10383
20.0,2965,8912
20.0,659,4666
20.0,2511,5738
20.0,4170,12588
20.0,333,13148
20.0,2978,14169
20.0,4446,7311
20.0,1141,8634
20.0,866,3000
20.0,132,4807
20.0,1970,11288
20.0,3541,10994
20.0,3194,7462
20.0,2143,10665
20.0,4763,1741
20.0,225,14749
20.0,2754,2965
20.0,4987,10506
20.0,419,4691
20.0,1868,13099
20.0,2151,3283
20.0,4835,5556
20.0,3540,2057
20.0,1829,969
20.0,1414,1622
20.0,4512,8798
20.0,3392,3172
20.0,4789,2072
20.0,3726,5799
20.0,2476,11086
36.45000000000002,122,2469
20.0,3012,5475
20.0,909,4949
20.0,3906,6771
20.0,4188,9573
20.0,2474,5272
20.0,1114,9831
20.0,2267,11445
20.0,4067,14906
20.0,2309,5663
20.0,3801,11725
20.0,2136,7650
20.0,418,11289
20.0,2854,11295
20.0,200,8620
20.0,1184,4159
20.0,2834,14815
20.0,4214,10285
20.0,2396,1513
20.0,4947,8047
20.0,2300,1270
20.0,110,9366
20.0,3060,10130
20.0,3951,3485
20.0,1387,9149
20.0,1234,3295
20.0,4476,520
20.0,1601,2521
20.0,4483,755
20.0,1679,5139
20.0,1377,5632
20.0,1576,1586
20.0,1723,4963
20.0,1411,11439
20.0,1623,10819
20.0,2736,7054
20.0,4420,14430
20.0,2416,10396
20.0,3807,10322
20.0,2484,7837
20.0,2043,5041
20.0,919,13162
20.0,1064,10555
20.0,1961,13553
20.0,652,4067
20.0,3871,10818
20.0,740,3993
20.0,543,7573
20.0,539,2713
20.0,2606,4003
20.0,4535,2527
20.0,344,9009
20.0,4077,2365
20.0,2893,3508
20.0,2962,6652
20.0,1767,8267
20.0,2646,7842
20.0,4794,14635
20.0,1923,6604
20.0,4713,1192
20.0,3308,5624
20.0,2867,9769
20.0,494,4581
20.0,3691,14863
20.0,4508,3374
20.0,791,14598
20.0,2091,4982
20.0,729,9697
20.0,2517,5760
20.0,3747,7660
20.0,1408,13225
20.0,112,3278
20.0,2609,11078
20.0,3819,3183
20.0,4401,7459
20.0,184,6254
20.0,3694,14382
20.0,4967,2723
20.0,2185,11974
20.0,3328,9877
20.0,872,10492
20.0,3124,4781
20.0,3031,12107
20.0,170,5809
20.0,1687,2201
28.83,974,1587
20.0,694,11575
20.0,2082,6752
20.0,2811,1230
20.0,2118,10157
20.0,291,13155
20.0,2718,1420
20.0,852,13322
20.0,4214,13363
20.0,245,12198
20.0,2237,10806
20.0,3565,13489
20.0,2380,12737
20.0,2409,6235
20.0,4891,10010
20.0,3656,9655
20.0,326,6723
20.0,110,8274
20.0,3440,9263
20.0,1963,1034
20.0,3977,11214
20.0,2641,9310
33.040000000000006,616,1924
20.0,3985,6798
20.0,1621,2613
20.0,4767,9705
20.0,1250,6193
20.0,4459,4698
20.0,2904,2305
20.0,2945,2768
20.0,1286,13815
20.0,186,9530
59.97000000000001,1079,409
20.0,2206,9456
20.0,2644,5111
20.0,711,2420
20.0,2522,433
20.0,2727,992
20.0,2358,14395
20.0,136,14101
20.0,2562,3310
20.0,2992,2366
20.0,2823,8726
20.0,2554,9751
20.0,3360,14127
20.0,1750,5393
20.0,3720,1414
20.0,2750,4619
20.0,3679,7514
20.0,4640,14278
20.0,1697,8675
20.0,3368,412
20.0,3737,1858
20.0,646,12470
20.0,4595,14229
20.0,534,5224
20.0,695,13239
20.0,3139,9809
20.0,4807,10778
20.0,4903,6117
20.0,4434,5341
24.78000000000001,770,1994
20.0,4783,6188
20.0,548,8496
20.0,4779,13977
20.0,1723,5778
20.0,3117,5751
20.0,164,13257
20.0,3029,12285
20.0,4819,4045
20.0,1786,12082
20.0,3661,7106
20.0,2303,14447
20.0,2344,14515
20.0,3680,11684
90.22,196,578
20.0,4032,3493
20.0,3503,3529
20.0,4557,5008
20.0,2460,11830
20.0,186,8137
20.0,3410,13860
20.0,3055,424
20.0,3602,14225
84.57000000000001,68,937
20.0,2292,435
20.0,498,12670
20.0,1998,911
20.0,995,6188
20.0,4286,14979
20.0,1970,2088
20.0,3027,13110
20.0,4238,7373
20.0,4065,1459
20.0,288,5446
20.0,254,7471
20.0,2657,948
20.0,4390,12378
20.0,4977,3751
20.0,3438,14690
20.0,3022,6600
20.0,4440,14770
20.0,2737,6843
20.0,4216,14824
20.0,1398,8901
20.0,4450,14063
20.070000000000007,866,2023
20.0,870,7052
20.0,242,13272
20.0,1826,11333
20.0,3695,14833
20.0,4674,7977
20.0,300,4432
20.0,1838,6719
20.0,3750,10526
20.0,2513,1977
24.060000000000002,1217,1422
20.0,3943,7830
20.0,1146,14972
20.0,2729,13821
20.0,1897,12059
20.0,3954,1977
20.0,554,9696
20.0,1671,7690
20.0,2522,5059
20.0,2596,9093
20.0,1437,8318
20.0,3044,3189
20.0,3866,8543
38.97,767,1525
20.0,3534,9693
20.0,4484,12114
20.0,708,10103
20.0,4058,5327
20.0,4574,9198
20.0,4284,12722
20.0,3814,2922
20.0,3039,4856
20.0,4687,1525
20.0,2154,4333
20.0,1305,9551
20.0,2532,3069
20.0,433,12908
20.0,2657,1442
20.0,243,8739
20.0,3857,2031
20.0,3769,1769
20.0,2631,12327
20.0,2615,7446
20.0,2813,2118
20.0,2848,6616
20.0,2389,3432
20.0,3456,3958
20.0,781,6197
20.0,2922,2555
20.0,3170,9789
20.0,4830,11172
20.0,4227,2024
20.0,2654,10883
20.0,2432,7480
20.0,581,4260
20.0,4366,5524
69.92,684,604
20.0,1819,1921
20.0,3854,5516
20.0,2420,11217
20.0,52,4045
20.0,255,4410
20.0,4185,11584
20.0,2671,14164
20.0,4789,264
20.0,2940,9691
20.0,3243,13312
20.0,2716,6582
20.0,3356,14837
20.0,947,9807
20.0,1135,11985
27.200000000000003,1329,1168
69.56,720,568
20.0,1555,8624
20.0,3625,2442
20.0,4864,5202
20.0,2005,3283
20.0,299,8273
20.0,1942,9312
20.0,3489,9080
20.0,1903,12664
20.0,2904,14752
20.0,1553,13522
20.0,3435,1669
20.0,3621,4925
20.0,3842,4459
20.0,3476,3822
20.0,93,10492
20.0,3662,10657
20.0,2668,12181
20.0,4728,1023
20.0,3213,3631
20.0,1338,6728
20.0,2992,4351
20.0,269,4413
20.0,1975,7620
20.0,3022,9189
20.0,3563,979
20.0,2498,11242
20.0,3521,3092
20.0,2824,5734
20.0,1040,10285
20.0,2996,3506
20.0,1862,3102
20.0,853,13195
20.0,539,13591
20.0,3606,3918
47.050000000000004,1543,221
20.0,3695,1700
20.0,2941,9234
20.0,1755,10152
20.0,3566,3841
20.0,3390,5412
99.55,103,391
20.0,2625,13506
20.0,3641,13614
20.0,665,8787
20.0,1004,7374
20.0,2483,5314
20.0,1679,4862
20.0,2831,4526
20.0,699,9265
20.0,2397,11013
20.0,4540,4535
20.0,3328,8481
20.0,2690,10671
20.0,3851,8848
20.0,2611,10672
20.0,3299,12841
20.0,420,9396
20.0,907,13844
20.0,4936,12926
20.0,4803,5694
20.0,433,8736
20.0,3927,2911
20.0,2602,7795
20.0,4384,13144
20.0,4340,6473
20.0,2775,6484
20.0,4084,10854
20.0,3343,9508
20.0,4301,9017
20.0,4038,12771
20.0,972,10371
20.0,2965,4194
20.0,3000,1878
20.0,3096,8614
46.15,1024,943
44.34,1280,662
20.0,2485,1768
20.0,1864,11739
20.0,2984,14193
20.0,4983,13651
20.0,1413,14892
20.0,3990,1936
20.0,253,13534
20.0,210,12431
20.0,4537,8103
20.0,818,12343
20.0,3798,7202
20.0,2631,9056
23.000000000000007,1143,1556
20.0,4550,1214
20.0,657,10524
20.0,1590,11060
20.0,2925,1254
20.0,3241,1964
20.0,1887,14775
20.0,739,6209
20.0,3809,4658
20.0,2999,11261
20.0,2153,9804
72.79000000000002,415,867
20.0,3625,3570
20.0,4600,6176
20.0,4249,1594
20.0,4222,8490
20.0,4375,14582
20.0,2428,4270
20.0,1255,7182
20.0,3889,8813
20.0,2785,5799
20.0,3397,3850
20.0,1725,12549
20.0,348,9524
20.0,1006,10094
20.0,1164,3820
20.0,2555,3390
20.0,1524,8989
20.0,4510,591
20.0,4496,1275
20.0,3776,2850
20.0,3521,13800
20.0,2878,14517
20.0,2900,2584
20.0,2556,1009
20.0,3820,8247
20.0,3014,11701
20.0,4644,5701
20.0,999,12130
20.0,4653,7095
20.0,2900,1359
20.0,215,7774
20.0,3536,1731
20.0,2559,5681
20.0,969,7748
20.0,163,5176
20.0,3554,5895
20.0,1041,11074
20.0,3889,8645
20.0,1308,3748
20.0,3476,11577
20.0,564,6363
20.0,4854,6871
20.0,3246,5464
20.0,4484,1431
20.0,2634,2623
20.0,117,11967
20.0,1646,8271
20.0,4528,4461
20.0,68,9965
20.0,2780,3108
20.0,3571,4912
20.0,622,6955
20.0,2308,10017
20.0,2952,12390
20.0,700,4083
20.0,2637,3715
20.0,3312,3603
20.0,1388,4798
20.0,3684,5208
20.0,2877,6422
20.0,2267,13072
20.0,3589,10350
20.0,1087,4209
20.0,4433,2935
20.0,4028,4691
20.0,3011,14119
20.0,3276,14368
20.0,1148,11566
20.0,2374,8793
40.620000000000005,989,1174
20.0,3766,423
20.0,3464,4813
20.0,1498,6977
20.0,620,8627
20.0,2954,11890
20.0,2555,4411
20.0,967,11626
25.689999999999998,1924,425
20.0,4978,10669
20.0,1728,8383
20.0,665,4477
20.0,4551,1541
20.0,1799,4236
20.0,3875,8601
20.0,4238,3927
20.0,2527,13903
20.0,4799,4128
20.0,3555,14631
20.0,3525,13381
20.0,4579,14369
20.0,1185,3003
20.0,4050,9501
20.0,424,6758
20.0,256,10418
20.0,4925,593
20.0,1369,7039
20.0,1191,9235
20.0,4677,9916
20.0,2740,8995
20.0,3305,781
20.0,139,14530
20.0,4158,10331
20.0,3070,332
20.0,1907,3038
20.0,854,3585
20.0,994,3970
20.0,2839,2468
20.0,3925,1175
20.0,1660,7805
20.0,2973,7413
20.0,3932,10205
20.0,3271,11655
20.0,4441,9935
20.0,4785,3035
20.0,2437,2938
20.0,4773,9749
20.0,991,4334
20.0,4975,9708
20.0,2616,7033
20.0,1025,8553
20.0,1004,2109
20.0,1312,9519
20.0,993,14696
20.0,2252,12262
20.0,3377,10050
20.0,4324,11517
20.0,2309,2163
20.0,1878,5353
20.0,1307,10681
59.86000000000001,514,1166
20.0,3344,1089
20.0,1280,14648
20.0,2704,3261
20.0,934,6661
20.0,3855,6366
20.0,3906,12021
20.0,3185,7167
20.0,974,11581
20.0,4639,11140
20.0,1596,10058
20.0,1144,11458
20.0,2461,8301
20.0,2667,7579
20.0,812,9833
20.0,2373,7480
20.0,4195,1267
20.0,2825,4423
20.0,4709,11315
20.0,4928,12645
20.0,3205,12248
20.0,4020,9218
20.0,2090,14378
20.0,633,4807
20.0,4381,4185
20.0,2153,10484
20.0,1992,3379
20.0,4505,14754
20.0,159,4738
20.0,241,12293
20.0,953,2562
20.0,911,2424
20.0,1133,6571
29.659999999999997,699,1926
20.0,4184,10398
20.0,3661,5991
20.0,686,8273
20.0,1086,8658
20.0,4181,7213
20.0,2198,1037
20.0,3915,4784
20.0,3207,13189
20.0,3637,886
20.0,3344,11753
20.0,4311,13483
20.0,2480,556
20.0,1929,12207
20.0,4016,9263
20.0,3763,10365
20.0,4176,14739
20.0,4156,4847
20.0,2061,10202
20.0,3423,4618
20.0,2193,11033
20.0,2550,10620
20.0,4631,6842
20.0,1339,3591
20.0,1497,12570
20.0,3249,10742
20.0,1993,4557
20.0,3233,5079
20.0,3266,5519
20.0,3186,13401
20.0,3368,2939
20.0,2832,13431
20.0,1040,11122
20.0,4970,9710
20.0,2203,9927
20.0,275,4984
20.0,826,10835
20.0,2887,10164
20.0,737,11601
20.0,579,13326
20.0,3492,1077
20.0,2203,3070
20.0,1344,11592
20.0,1576,12536
20.0,4824,12139
20.0,2946,11228
20.0,3153,492
20.0,2490,10043
20.0,4185,13023
20.0,3852,12798
20.0,894,8928
20.0,496,14414
20.0,3965,2886
20.0,3159,433
20.0,1284,13720
20.0,276,11044
20.0,4193,14629
20.0,3009,2574
20.0,1880,2472
20.0,3829,1166
73.29,236,1089
20.0,2927,4063
20.0,2585,6354
20.0,1982,3600
20.0,2974,8426
20.0,898,4742
20.0,2082,3723
20.0,1302,1963
20.0,1931,3491
22.0,319,2688
20.0,1680,11092
20.0,4455,1758
20.0,3253,4890
20.0,1624,6321
20.0,2942,2476
20.0,1745,12398
20.0,3308,4639
20.0,3312,1303
20.0,1495,7720
20.0,269,9811
20.0,102,5609
20.0,1807,9870
20.0,1716,12306
20.0,2835,12134
20.0,769,13639
20.0,455,8069
20.0,2344,3156
20.0,121,7910
20.0,2103,6217
20.0,1279,9774
20.0,1617,10966
20.0,3732,3584
20.0,3003,14610
20.0,4532,9961
20.0,748,10286
20.0,876,10635
20.0,398,10258
20.0,3958,228
20.0,357,9097
20.0,3466,9412
20.0,2384,10455
20.0,4911,9838
20.0,4870,7956
20.0,2859,7148
20.0,3608,12056
20.0,4528,11379
20.0,3527,5955
20.0,4670,3802
20.0,2736,5262
20.0,3035,12077
20.0,325,8271
20.0,2597,7444
20.0,2814,6572
20.0,386,7305
20.0,2023,11760
20.0,3029,3781
20.0,4626,2962
20.0,4018,12429
53.84,960,772
20.0,2046,7905
20.0,3179,14094
20.0,4254,12480
20.0,3807,814
20.0,377,4250
25.689999999999998,1849,525
20.0,364,3940
20.0,3595,558
20.0,1184,3977
20.0,2796,6106
20.0,4926,10763
20.0,1570,1921
60.730000000000004,205,1549
20.0,1774,3896
20.0,3393,4096
20.0,936,4460
20.0,3123,9988
20.0,2855,10019
20.0,771,7141
20.0,962,10894
20.0,3407,13664
20.0,920,4008
20.0,4158,5446
20.0,547,8584
20.0,1806,11066
20.0,1167,4045
20.0,3459,2777
20.0,2878,291
20.0,1697,4434
20.0,3033,8872
20.0,192,6792
20.0,2811,13844
20.0,3485,11308
20.0,4710,12827
20.0,2481,8328
20.0,4562,1275
20.0,1898,2713
20.0,2746,8368
20.0,1767,7061
20.0,3122,9190
20.0,1117,12962
20.0,2836,14936
20.0,3841,13950
20.0,1338,12341
20.0,3921,804
20.0,1856,3179
20.0,1554,7340
20.0,3358,7265
20.0,3001,5116
20.0,121,7000
21.889999999999997,1740,797
20.0,1394,9924
20.0,3353,7520
20.0,3163,8905
20.0,932,5822
20.0,4284,2077
20.0,2712,12364
20.0,1554,12235
20.0,2513,1899
20.0,2603,9421
20.0,782,12987
20.0,1798,5980
20.0,3974,916
20.0,473,13629
20.0,3528,13996
20.0,1641,4286
20.0,4535,865
20.0,4487,8046
20.0,4759,6811
20.0,542,10600
20.0,241,14805
55.11000000000001,548,1279
20.0,4967,8619
20.0,1306,8540
20.0,2018,1269
20.0,4372,5463
20.0,2236,8151
20.0,866,13119
20.0,3270,1563
20.0,1523,4708
20.0,1136,1955
20.0,4249,719
20.0,1924,5663
20.0,920,14922
20.0,4813,11936
20.0,2092,10714
20.0,322,14888
20.0,1079,7433
20.0,3268,1302
20.0,4119,797
20.0,1101,14147
20.0,4083,3473
20.0,1623,12441
20.0,3240,5981
20.0,4438,10997
20.0,3847,6456
20.0,3339,7458
20.0,3797,10580
20.0,2155,14412
20.0,357,13217
20.0,3409,8980
20.0,3226,6754
20.0,1301,12864
20.0,2797,9799
20.0,1567,14357
20.0,1428,8202
20.0,4941,5046
20.0,2011,13114
20.0,4355,11782
20.0,2913,11832
20.0,2706,10021
20.0,2544,9386
20.0,4617,14071
20.0,4055,4998
20.0,3613,6805
20.0,972,10451
20.0,4282,13667
20.0,4512,12964
20.0,3009,3186
88.08000000000001,233,600
20.0,3408,3055
20.0,1448,10616
20.0,2846,3612
84.28,586,256
20.0,1323,8222
20.0,3017,2075
20.0,3099,4743
20.0,1146,4498
20.0,1355,3968
20.0,965,5952
20.0,3131,5033
20.0,4297,12689
25.690000000000005,1078,1553
20.0,2027,10802
20.0,3404,5187
20.0,2561,6797
20.0,320,14891
20.0,1236,4511
20.0,4605,10994
20.0,4250,3134
20.0,3814,222
20.0,2448,10594
20.0,4579,1409
20.0,4285,10688
20.0,4232,9140
20.0,1761,1004
20.0,2280,8525
20.0,178,4616
20.0,1319,10829
20.0,3722,8825
20.0,1651,5341
20.0,4815,5168
20.0,4020,3871
20.0,4294,12128
20.0,4997,7492
20.0,677,7201
20.0,3847,12431
20.0,2094,2298
20.0,3602,14711
20.0,2391,11309
20.0,3264,8644
20.0,299,5261
20.0,2975,13226
20.0,1024,9521
20.0,1375,3464
20.0,1033,5635
20.0,938,8693
20.0,2987,6891
20.0,2167,10369
20.0,2722,2963
20.0,1376,4205
20.0,520,14803
20.0,2037,3441
20.0,140,3257
69.74000000000001,579,750
20.0,4806,5774
20.0,4109,5611
20.0,4884,1787
20.0,2823,10214
20.0,1736,6120
20.0,241,5460
20.0,2036,11609
20.0,3673,11888
20.0,2235,4609
20.0,4490,12671
20.0,1058,5983
20.0,3833,912
20.0,4348,10567
20.0,4718,5606
20.0,4337,8190
20.0,2102,7620
20.0,3358,12464
20.0,1766,12241
20.0,360,7043
20.0,4588,2633
20.0,1310,3501
20.0,3982,470
20.0,3318,10186
20.0,634,13298
20.0,2849,10854
20.0,409,12685
20.0,2916,11786
20.0,2061,1279
20.0,4989,11270
20.0,4056,5522
20.0,1675,14132
20.0,2814,13115
20.0,940,8995
20.0,781,5457
20.0,4011,13933
20.0,4751,8182
20.0,2554,13568
20.0,664,9977
20.0,3856,11449
20.0,1769,6414
20.0,4819,5206
20.0,1637,4185
20.0,1661,13081
20.0,946,9787
20.0,327,12080
20.0,4697,8991
20.0,1686,8905
20.0,2208,6191
20.0,2482,6427
20.0,3954,9458
20.0,4906,8033
20.0,3312,3086
20.0,1499,14445
20.0,4550,2853
20.0,1282,13297
20.0,4167,14668
20.0,727,9480
20.0,2708,12777
20.0,2078,14911
20.0,3808,5064
20.0,4674,2714
20.0,2087,4169
20.0,2699,3484
20.0,706,7940
20.0,215,4766
20.0,4994,2396
20.0,4641,12575
20.0,639,14931
20.0,4574,989
20.0,2871,3675
20.0,4308,11545
20.0,1312,10056
65.29,121,1509
20.0,3566,1064
20.0,4800,12255
20.0,3630,5589
20.0,318,3563
20.0,1826,11916
20.0,2512,12178
20.0,1318,8415
20.0,1065,3203
20.0,2772,14374
20.0,1133,8702
20.0,4151,13972
54.23,456,1431
20.0,3126,8159
20.0,1035,12180
20.0,3653,2911
20.0,4535,6781
20.0,759,7905
20.0,2668,13193
20.0,4899,13847
38.33000000000001,1461,621
20.0,4671,10165
20.0,1535,14856
20.0,3000,11960
20.0,4701,1146
20.0,2984,9578
20.0,4164,2034
20.0,4720,1764
20.0,1053,7532
20.0,2516,5144
20.0,2516,14077
20.0,1988,13806
20.0,1989,14577
20.0,1685,10339
20.0,1748,1508
20.0,4577,3186
20.0,2141,586
20.0,1945,6331
20.0,4290,9553
20.0,3448,3458
20.0,1123,6321
20.0,2452,5011
20.0,4945,6774
20.0,3262,6897
20.0,4087,4133
20.0,1201,11239
20.0,2495,12913
20.0,2006,1639
20.0,4608,6369
20.0,3957,11834
20.0,857,4680
98.31,236,255
20.0,4877,3524
20.0,4574,6977
51.970000000000006,1357,305
20.0,2334,3401
20.0,4916,869
20.0,807,12863
20.0,4281,9134
20.0,4937,1166
20.0,3904,507
20.0,4316,2338
20.0,2256,11856
20.0,3608,13289
40.93000000000001,1630,309
20.0,1011,3832
20.0,3897,14152
20.0,3625,6928
20.0,925,12827
20.0,2468,5884
20.0,4248,13466
20.0,1051,6699
20.0,3434,2115
20.0,4116,12655
20.0,2895,756
20.0,1531,7819
20.0,3351,13392
78.0,707,304
20.0,2830,2247
20.0,472,14685
20.0,3731,345
20.0,4316,11155
20.0,2760,1073
80.38000000000001,502,498
20.0,2447,3438
20.0,2025,14224
20.0,1707,9037
20.0,2591,13125
20.0,3125,6582
20.0,3214,11470
20.0,3016,2711
20.0,2103,6796
72.43,337,983
20.0,3267,5192
20.0,3904,570
34.940000000000005,1497,686
20.0,657,7578
20.0,4602,10429
20.0,1814,14700
20.0,1275,3396
20.0,1285,9752
20.0,1079,4487
20.0,2721,13217
20.0,4012,2461
20.0,4592,11013
20.0,4980,9348
20.0,3227,8772
20.0,3772,12041
20.0,4956,13285
41.260000000000005,1525,438
20.0,2946,7043
41.930000000000014,858,1305
26.700000000000003,1028,1586
20.0,2513,10944
20.0,775,10641
20.0,2551,9919
20.0,3412,1867
20.0,1266,12524
20.0,4101,2891
20.0,2247,7956
20.0,2856,12064
20.0,828,2196
25.77000000000001,1022,1625
20.0,2860,11204
20.0,2173,8223
20.0,648,7049
20.0,3391,3447
20.680000000000007,274,2792
29.100000000000016,890,1690
20.0,1864,1424
20.0,4859,2787
20.0,1156,7914
20.0,174,3264
20.0,3296,14510
20.0,2981,8004
20.0,4175,14929
20.0,3021,1032
20.0,2067,13084
20.0,2465,2640
20.0,4640,4995
20.0,3146,1846
20.0,1659,14506
65.52,767,640
20.0,3611,6156
20.0,1066,14128
20.0,3615,9921
20.0,4751,11357
20.0,4520,2567
20.0,2010,6896
20.0,1098,11678
20.0,1407,5390
20.0,3476,4863
20.0,165,7262
20.0,2145,4531
20.0,1851,9696
20.0,2196,3234
20.0,1670,12080
20.0,4830,12365
20.0,3000,9577
20.0,3842,3462
20.0,2991,13520
20.0,4955,2307
20.0,1027,7236
20.0,3116,10232
20.0,833,4520
20.0,290,6138
20.0,1603,2947
20.0,4628,4877
20.0,1062,8172
20.0,236,4464
20.0,1931,3333
20.0,4636,11812
46.25000000000001,480,1665
20.0,288,4309
20.0,2395,2411
20.0,125,5739
20.0,1406,11196
20.0,4972,14358
20.0,2380,9935
20.0,4736,1889
20.0,1952,9963
20.0,4063,7927
20.0,4720,7964
20.0,2109,13539
20.0,190,14219
20.0,1839,4741
20.0,3676,11671
20.0,66,3741
20.0,4398,13203
20.0,514,11415
20.0,4521,1018
20.0,1877,14639
20.0,3078,4721
52.92,569,1324
20.0,139,5860
20.0,4865,13337
20.0,2901,5841
20.0,2893,1329
20.0,4775,1902
20.0,1934,2201
20.0,4221,7112
20.0,975,4078
20.0,3784,12764
20.0,1019,7432
20.0,1144,10198
20.0,3245,11339
20.0,1454,6531
20.0,3414,6235
20.0,4340,11601
20.0,4032,10544
20.0,4373,13033
20.0,4063,6723
20.0,4606,12597
20.0,4763,8311
20.0,3142,8936
20.0,4209,2601
20.0,2124,13230
20.0,334,10756
20.0,4983,9681
20.0,4976,12157
20.0,1237,10267
20.0,4019,13576
20.0,3015,12820
20.0,4369,14024
20.0,833,13644
20.0,999,13079
20.0,3989,9174
89.47,94,739
20.0,1860,11174
20.0,4616,14046
20.0,2131,5815
20.0,3548,11060
20.0,879,13106
20.0,1959,12329
20.0,2631,3156
20.0,741,8277
20.0,4069,3922
20.0,981,12259
20.0,4986,10225
20.0,3456,5287
20.0,197,10538
20.0,1082,6660
20.0,1361,2370
20.0,437,3591
20.0,3171,7142
20.0,1923,1816
20.0,3638,14006
20.0,965,14992
20.0,1928,13009
20.0,3798,9308
20.0,327,13204
20.0,2027,6658
20.0,1909,2956
20.0,3086,7053
20.0,3421,7909
20.0,4763,2136
20.0,2232,12434
20.0,4725,3291
20.0,1220,13047
58.800000000000004,539,1168
20.0,2575,7497
20.0,1232,11756
20.0,4529,3403
20.0,4308,6699
20.0,2538,5373
20.0,1926,1089
20.0,2512,9184
20.0,1680,11850
20.0,337,14800
20.0,4332,9373
20.0,1957,7582
20.0,1211,3731
20.0,179,11921
20.0,2413,1001
20.0,193,8434
20.0,65,14097
20.0,294,3549
20.0,976,8205
20.0,3228,10169
20.0,2226,3401
61.49000000000001,936,549
20.0,390,9959
20.0,2101,9521
20.0,3448,11351
20.0,4000,12179
20.0,355,14536
20.0,957,10172
20.0,2704,783
20.0,3842,12919
20.0,4092,3577
20.0,1421,6228
20.0,370,7894
20.0,4704,6396
20.0,4109,7283
20.0,1181,3601
20.0,2628,13836
20.0,4092,3385
20.0,3417,10586
20.0,867,14518
20.0,61,5485
20.0,244,9554
20.0,2587,6972
20.0,2892,8690
20.0,2279,3547
20.0,3059,10331
20.0,4801,988
20.0,2127,5145
20.0,3917,14713
20.0,4923,3089
20.0,493,9769
20.0,347,5473
20.0,4953,10341
20.0,894,3472
20.0,1065,9269
20.0,1434,5434
20.0,1447,12134
20.0,603,9969
20.0,2400,7102
20.0,4566,11531
20.0,1319,7812
20.0,1310,2692
20.0,234,11147
20.0,4613,6945
20.0,2460,14134
20.0,4481,10295
20.0,2259,9774
20.0,3722,4440
20.0,4733,2522
20.0,1931,10948
20.0,4346,5498
30.730000000000004,571,2061
20.0,1937,14342
20.0,2602,6820
20.0,3859,10258
20.0,4933,4247
20.0,4205,7781
